transaction_id,user_id,book_id,transaction_type,transaction_date
T00001,U0001,B0097,paperback_purchase,2020-08-07
T00002,U0001,B0034,ebook_rental,2021-12-27
T00003,U0001,B0101,ebook_rental,2022-12-19
T00004,U0002,B0230,paperback_purchase,2020-01-15
T00005,U0003,B0229,audiobook_rental,2021-04-08
T00006,U0004,B0099,paperback_purchase,2022-01-16
T00007,U0005,B0238,audiobook_rental,2024-07-20
T00008,U0006,B0271,ebook_rental,2023-09-06
T00009,U0006,B0286,paperback_purchase,2020-01-12
T00010,U0006,B0178,ebook_rental,2021-01-23
T00011,U0007,B0188,ebook_rental,2022-05-12
T00012,U0008,B0020,ebook_rental,2023-09-26
T00013,U0009,B0158,ebook_rental,2020-08-31
T00014,U0009,B0230,AUDIOBOOK_RENTAL,2021-10-27
T00015,U0009,B0230,audiobook_rental,2020-09-26
T00016,U0010,B0026,ebook_rental,2020-09-15
T00017,U0010,B0113,ebook_rental,2020-04-16
T00018,U0010,B0257,ebook_rental,2022-06-08
T00019,U0010,B0029,paperback_purchase,2021-05-22
T00020,U0010,B0212,ebook_rental,2024-04-19
T00021,U0010,B0027,ebook_rental,2023-09-26
T00022,U0010,B0299,audiobook_rental,2023-12-06
T00023,U0011,B0123,ebook_rental,2023-07-12
T00024,U0011,B0038,ebook_rental,2021-07-14
T00025,U0012,B0153,ebook_rental,2020-02-06
T00026,U0012,B0076,ebook_rental,2022-12-11
T00027,U0012,B0010,Ebook Rental,2021-11-19
T00028,U0012,B0276,audiobook_rental,2020-04-15
T00029,U0012,B0211,ebook_rental,2023-12-28
T00030,U0012,B0142,audiobook_rental,2020-03-24
T00031,U0012,B0094,ebook_rental,2021-08-07
T00032,U0013,B0169,paperback_purchase,2020-07-25
T00033,U0014,B0065,ebook_rental,2022-01-14
T00034,U0015,B0123,ebook_rental,2023-10-02
T00035,U0015,B9604,paperback_purchase,2021-11-09
T00036,U0016,B0070,ebook_rental,2024-03-01
T00037,U0017,B0235,ebook_rental,2021-03-06
T00038,U0018,B0218,audiobook_rental,2020-09-24
T00039,U0018,B0158,ebook_rental,2021-01-30
T00040,U0019,B0070,paperback_purchase,2023-01-24
T00041,U0020,B0193,ebook_rental,2024-04-07
T00042,U0020,B0127,ebook_rental,2021-01-27
T00043,U0020,B0110,audiobook_rental,2022-01-19
T00044,U0020,B0079,paperback_purchase,2020-05-18
T00045,U0020,B0084,paperback_purchase,2024-06-07
T00046,U0020,B0241,ebook_rental,2021-08-16
T00047,U0021,B0159,audiobook_rental,2024-06-14
T00048,U0021,B0073,audiobook_rental,2020-12-04
T00049,U0021,B0236,paperback_purchase,2022-03-31
T00050,U0021,B0043,audiobook_rental,2021-03-22
T00051,U0021,B0265,audiobook_rental,2022-10-28
T00052,U0021,B0120,audiobook_rental,2023-02-04
T00053,U0021,B0177,audiobook_rental,2021-08-20
T00054,U0021,B0231,audiobook_rental,2020-09-29
T00055,U0021,B0183,audiobook_rental,2024-08-13
T00056,U0022,B0205,paperback_purchase,2023-08-21
T00057,U0023,B0008,ebook_rental,2021-10-26
T00058,U0024,B0109,paperback_purchase,2024-01-18
T00059,U0025,B0098,ebook_rental,2021-08-26
T00060,U0026,B0201,ebook_rental,2024-08-14
T00061,U0027,B0069,ebook_rental,2020-12-27
T00062,U0028,B0002,audiobook_rental,2023-09-08
T00063,U0029,B0103,audiobook_rental,2023-09-01
T00064,U0029,B0234,audiobook_rental,2021-02-26
T00065,U0029,B0038,paperback_purchase,2020-11-14
T00066,U0029,B0172,paperback_purchase,2020-10-30
T00067,U0029,B0076,paperback_purchase,2024-07-28
T00068,U0029,B0211,audiobook_rental,2023-08-19
T00069,U0029,B0165,audiobook_rental,2024-08-01
T00070,U0029,B0031,ebook_rental,2020-05-27
T00071,U0029,B0185,ebook_rental,2020-07-24
T00072,U0030,B0006,ebook_rental,2023-05-20
T00073,U0031,B0008,ebook_rental,2020-08-13
T00074,U0032,B0079,ebook_rental,2020-09-27
T00075,U0032,B0041,ebook_rental,2024-06-10
T00076,U0032,B0048,ebook_rental,2024-10-12
T00077,U0033,B0227,ebook_rental,
T00078,U0033,B0285,paperback_purchase,2020-11-12
T00079,U0033,B0234,ebook_rental,2020-09-09
T00080,U0034,B0114,audiobook_rental,2023-01-20
T00081,U0034,B0249,audiobook_rental,2020-10-17
T00082,U0034,B0203,audiobook_rental,2022-02-28
T00083,U0034,B0279,audiobook_rental,2022-02-26
T00084,U0034,B0045,audiobook_rental,2020-07-27
T00085,U0034,B0209,audiobook_rental,2022-01-08
T00086,U0034,B0222,audiobook_rental,2022-05-27
T00087,U0035,B0104,ebook_rental,2020-11-03
T00088,U0035,B0078,ebook_rental,2021-07-09
T00089,U0036,B0078,paperback_purchase,2024-07-18
T00090,U0037,B0114,audiobook_rental,2024-05-11
T00091,U0038,B0042,ebook_rental,2022-07-03
T00092,U0038,B0166,paperback_purchase,2024-01-28
T00093,U0038,B0044,ebook_rental,2021-01-07
T00094,U0038,B0059,audiobook_rental,2023-11-21
T00095,U0038,B0199,audiobook_rental,2024-06-30
T00096,U0038,B0160,ebook_rental,2022-12-29
T00097,U0038,B0236,paperback_purchase,2020-06-20
T00098,U0038,B0143,audiobook_rental,2023-12-10
T00099,U0038,B0042,ebook_rental,2022-01-12
T00100,U0038,B0184,paperback_purchase,2021-12-16
T00101,U0039,B0035,ebook_rental,2021-08-26
T00102,U0040,B0271,audiobook_rental,2021-05-11
T00103,U0041,B0286,ebook_rental,2024-03-09
T00104,U0042,B0270,ebook_rental,2022-02-12
T00105,U0043,B0031,audiobook_rental,2022-01-31
T00106,U0044,B0201,ebook_rental,2020-05-31
T00107,U0045,B0115,audiobook_rental,
T00108,U0046,B0069,ebook_rental,2021-05-16
T00109,U0046,B0089,ebook_rental,2020-11-02
T00110,U0046,B0089,ebook_rental,2022-08-20
T00111,U0046,B0174,audiobook_rental,2021-08-10
T00112,U0046,B0186,ebook_rental,2023-05-22
T00113,U0046,B0077,ebook_rental,2023-10-24
T00114,U0046,B0205,paperback_purchase,2022-10-24
T00115,U0046,B0096,ebook_rental,2021-07-10
T00116,U0046,B0186,ebook_rental,2024-03-01
T00117,U0046,B0078,ebook_rental,2021-01-11
T00118,U0046,B0117,ebook_rental,2023-08-29
T00119,U0047,B0246,ebook_rental,2020-04-21
T00120,U0048,B0155,ebook_rental,2021-07-06
T00121,U0049,B0267,ebook_rental,2023-05-20
T00122,U0049,B0061,ebook_rental,2020-05-13
T00123,U0050,B0221,audiobook_rental,2021-01-19
T00124,U0050,B0221,audiobook_rental,2020-06-23
T00125,U0050,B0108,audiobook_rental,2020-04-08
T00126,U0051,B0031,ebook_rental,2020-01-18
T00127,U0052,B0008,audiobook_rental,2022-10-21
T00128,U0052,B0230,audiobook_rental,2020-09-22
T00129,U0052,B0238,audiobook_rental,2020-07-25
T00130,U0052,B0142,audiobook_rental,2023-04-15
T00131,U0052,B0230,audiobook_rental,2020-06-10
T00132,U0052,B0236,audiobook_rental,2024-07-11
T00133,U0052,B0282,audiobook_rental,2022-07-05
T00134,U0053,B0050,ebook_rental,2023-06-30
T00135,U0053,B0030,audiobook_rental,2021-05-04
T00136,U9862,B0005,ebook_rental,2023-03-07
T00137,U0053,B0057,paperback_purchase,2023-01-25
T00138,U0053,B0231,ebook_rental,2021-08-28
T00139,U0054,B0058,ebook_rental,2022-01-14
T00140,U0055,B0230,audiobook_rental,2023-12-26
T00141,U0056,B0200,audiobook_rental,2021-06-08
T00142,U0057,B0180,paperback_purchase,2020-09-10
T00143,U0058,B0199,paperback_purchase,2022-04-01
T00144,U0058,B0134,audiobook_rental,2022-06-21
T00145,U0059,B0152,ebook_rental,2022-02-04
T00146,U0060,B0211,ebook_rental,2022-07-10
T00147,U0060,B0276,ebook_rental,2023-06-25
T00148,U0060,B0058,ebook_rental,2020-11-12
T00149,U0060,B0276,ebook_rental,2024-10-14
T00150,U0060,B0038,ebook_rental,2021-12-15
T00151,U0060,B0211,paperback_purchase,2020-08-11
T00152,U0060,B0211,ebook_rental,2024-04-22
T00153,U0060,B0276,audiobook rental,2021-12-02
T00154,U0060,B0111,paperback_purchase,2021-07-24
T00155,U0061,B0181,audiobook_rental,2022-08-20
T00156,U0062,B0270,ebook_rental,2023-03-09
T00157,U0063,B0195,ebook_rental,2020-05-07
T00158,U0064,B0285,ebook_rental,2021-03-13
T00159,U0064,B0179,paperback_purchase,2021-07-06
T00160,U0064,B0018,paperback_purchase,2021-07-14
T00161,U0064,B0088,ebook_rental,2024-11-19
T00162,U0064,B0270,ebook_rental,2021-01-11
T00163,U0064,B0298,paperback_purchase,2024-03-22
T00164,U0064,B0132,paperback_purchase,2022-09-13
T00165,U0064,B0105,audiobook_rental,2021-12-27
T00166,U0065,B0017,ebook_rental,2020-06-08
T00167,U0065,B0109,paperback_purchase,2020-01-30
T00168,U0065,B0273,paperback_purchase,2024-11-05
T00169,U0065,B0051,ebook_rental,2021-06-22
T00170,U0065,B0080,paperback_purchase,2023-07-23
T00171,U0066,B0124,paperback_purchase,2020-07-18
T00172,U0066,B0127,ebook_rental,2023-11-27
T00173,U0066,B0216,ebook_rental,2021-01-26
T00174,U0066,B0084,ebook_rental,2021-09-20
T00175,U0066,B0033,ebook_rental,2022-04-27
T00176,U0066,B0159,audiobook_rental,2022-12-07
T00177,U0066,B0151,ebook_rental,2022-02-03
T00178,U0066,B0195,ebook_rental,2022-02-20
T00179,U0066,B0045,ebook_rental,2023-07-22
T00180,U0066,B0035,EBOOK_RENTAL,2020-06-28
T00181,U0066,B0234,ebook_rental,2020-07-31
T00182,U0067,B0037,audiobook_rental,2023-07-21
T00183,U0067,B0078,audiobook_rental,2024-10-10
T00184,U0067,B0104,ebook_rental,2020-08-22
T00185,U0067,B0006,paperback_purchase,2024-06-13
T00186,U0067,B0085,audiobook_rental,2020-01-16
T00187,U0067,B0041,ebook_rental,2024-12-06
T00188,U0067,B0085,paperback_purchase,2023-10-10
T00189,U0067,B0145,paperback_purchase,2020-02-01
T00190,U0067,B0069,paperback_purchase,2021-11-17
T00191,U0067,B0071,paperback_purchase,2023-02-12
T00192,U0067,B0004,ebook_rental,2024-06-29
T00193,U0068,B0160,ebook_rental,2024-01-31
T00194,U0068,B0221,paperback_purchase,2022-06-14
T00195,U0069,B0287,paperback_purchase,2022-10-29
T00196,U0069,B0297,paperback_purchase,2024-09-10
T00197,U0069,B0104,paperback_purchase,2020-02-22
T00198,U0069,B0073,ebook_rental,2020-02-26
T00199,U0069,B0283,paperback_purchase,2022-07-18
T00200,U0069,B0137,ebook_rental,2021-08-31
T00201,U0069,B0287,paperback_purchase,2024-04-26
T00202,U0069,B0175,paperback_purchase,2023-07-08
T00203,U0069,B0267,paperback_purchase,2020-08-15
T00204,U0070,B0202,paperback_purchase,2020-08-07
T00205,U0070,B0279,audiobook_rental,2020-06-07
T00206,U0070,B0016,paperback_purchase,2022-03-11
T00207,U0071,B0202,audiobook_rental,
T00208,U0071,B0236,audiobook_rental,2023-11-08
T00209,U0071,B0271,ebook_rental,2024-07-13
T00210,U0072,B0276,ebook_rental,2020-12-31
T00211,U0072,B0076,ebook_rental,2022-09-18
T00212,U0072,B0276,ebook_rental,2021-01-29
T00213,U0072,B0165,ebook_rental,2021-03-18
T00214,U0072,B0031,ebook_rental,2020-10-10
T00215,U0072,B0083,ebook_rental,2021-07-02
T00216,U0072,B0185,ebook_rental,2023-12-21
T00217,U0072,B0154,ebook_rental,2022-11-15
T00218,U0072,B0038,audiobook_rental,2023-11-08
T00219,U0072,B0042,ebook_rental,2021-09-30
T00220,U0073,B0285,paperback_purchase,2022-06-06
T00221,U0073,B0022,audiobook_rental,2023-06-29
T00222,U0074,B0127,ebook_rental,2021-02-13
T00223,U0075,B0135,ebook_rental,2022-07-09
T00224,U0075,B0040,ebook_rental,2023-04-16
T00225,U0075,B0240,audiobook_rental,2021-12-22
T00226,U0076,B0198,ebook_rental,2024-07-14
T00227,U0076,B0298,ebook_rental,2020-05-28
T00228,U0077,B0136,ebook_rental,2020-10-24
T00229,U0078,B0135,ebook_rental,2023-11-10
T00230,U0078,B0167,paperback_purchase,2021-04-21
T00231,U0078,B0250,paperback_purchase,2020-07-29
T00232,U0078,B0087,paperback_purchase,2023-03-21
T00233,U0078,B0011,ebook_rental,2021-02-09
T00234,U0078,B0277,paperback_purchase,2021-07-16
T00235,U0078,B0277,ebook_rental,2021-10-31
T00236,U0078,B0011,ebook_rental,2023-08-11
T00237,U0079,B0149,ebook_rental,2020-09-25
T00238,U0079,B0202,audiobook_rental,2021-11-21
T00239,U0079,B0268,ebook_rental,2024-01-21
T00240,U0080,B0068,ebook_rental,2022-03-30
T00241,U0080,B0237,ebook_rental,2022-03-16
T00242,U0080,B0068,ebook_rental,2024-09-22
T00243,U0080,B0211,ebook_rental,2020-04-07
T00244,U0080,B0229,ebook_rental,2021-04-08
T00245,U0080,B0086,ebook_rental,2024-07-29
T00246,U0080,B0242,ebook_rental,2024-12-14
T00247,U0080,B0249,ebook_rental,2021-06-24
T00248,U0081,B0272,ebook_rental,2021-07-06
T00249,U0082,B0012,paperback_purchase,2020-09-02
T00250,U0083,B0136,ebook_rental,2024-03-22
T00251,U0083,B0019,audiobook_rental,2022-12-16
T00252,U0083,B0094,Ebook_Rental,2021-10-21
T00253,U0083,B0106,paperback_purchase,2023-12-27
T00254,U0083,B0038,ebook_rental,2023-09-12
T00255,U0084,B0061,ebook_rental,2022-10-09
T00256,U0084,B0237,ebook_rental,2024-08-03
T00257,U0085,B0289,ebook_rental,2021-11-28
T00258,U0085,B0122,audiobook_rental,2024-10-24
T00259,U0085,B0017,audiobook_rental,2023-09-04
T00260,U0085,B0053,audiobook_rental,2021-03-24
T00261,U0085,B0062,audiobook_rental,2024-05-16
T00262,U0085,B0191,ebook_rental,2023-11-06
T00263,U0085,B0138,audiobook_rental,2020-10-28
T00264,U0085,B0209,paperback_purchase,2020-02-03
T00265,U0085,B0191,paperback_purchase,2022-07-16
T00266,U0086,B0075,ebook_rental,2020-06-21
T00267,U0087,B0186,ebook_rental,2022-03-23
T00268,U0088,B0145,ebook_rental,2022-06-22
T00269,U0089,B0065,ebook_rental,2023-08-21
T00270,U0089,B0237,audiobook_rental,2021-01-22
T00271,U0089,B0092,audiobook_rental,2022-11-28
T00272,U0090,B0263,audiobook_rental,2023-08-16
T00273,U0091,B0184,ebook_rental,2020-08-23
T00274,U0091,B0020,ebook_rental,2020-05-14
T00275,U0091,B0039,ebook_rental,2022-03-13
T00276,U0091,B0133,audiobook_rental,2022-10-11
T00277,U0091,B0014,ebook_rental,2023-12-16
T00278,U0091,B0298,ebook_rental,2023-12-05
T00279,U0091,B0207,paperback_purchase,2020-12-14
T00280,U0091,B0146,ebook_rental,2022-07-21
T00281,U0091,B0277,ebook_rental,2021-11-15
T00282,U0092,B0050,ebook_rental,2024-12-09
T00283,U0092,B0025,ebook_rental,2023-05-01
T00284,U0092,B0273,ebook_rental,2024-11-23
T00285,U0092,B0292,ebook_rental,2023-03-07
T00286,U0092,B0202,ebook_rental,2024-03-26
T00287,U0092,B0236,ebook_rental,2022-07-15
T00288,U0092,B0298,paperback_purchase,2023-09-20
T00289,U0092,B0164,paperback_purchase,2021-09-08
T00290,U0093,B0288,ebook_rental,2022-09-18
T00291,U0093,B0280,ebook_rental,2020-10-29
T00292,U0093,B0280,audiobook_rental,2022-01-01
T00293,U0093,B0280,paperback_purchase,2022-01-06
T00294,U0093,B0280,ebook_rental,2023-08-01
T00295,U0093,B0080,ebook_rental,2022-07-09
T00296,U0093,B0066,ebook_rental,2022-03-11
T00297,U0094,B0158,audiobook_rental,2021-09-25
T00298,U0095,B0130,paperback_purchase,2024-09-04
T00299,U0096,B0188,ebook_rental,2023-03-06
T00300,U0096,B0209,ebook_rental,2023-11-04
T00301,U0097,B0094,ebook_rental,2022-12-07
T00302,U0097,B0094,ebook_rental,2022-09-24
T00303,U0098,B0249,ebook_rental,2020-02-01
T00304,U0098,B0188,paperback_purchase,2025-08-17
T00305,U0098,B0188,paperback_purchase,2020-04-12
T00306,U0098,B0269,ebook_rental,2023-09-24
T00307,U0098,B0162,ebook_rental,2024-02-10
T00308,U0098,B0183,ebook_rental,2021-03-24
T00309,U0099,B0166,audiobook_rental,2021-05-24
T00310,U0099,B0085,ebook_rental,2021-06-19
T00311,U0099,B0085,audiobook_rental,2023-10-22
T00312,U0099,B0068,AUDIOBOOK_RENTAL,2021-05-27
T00313,U0099,B0085,audiobook_rental,2020-06-24
T00314,U0099,B0288,audiobook_rental,2021-01-10
T00315,U0099,B0085,ebook_rental,2020-10-10
T00316,U0100,B0052,paperback_purchase,2023-11-04
T00317,U0101,B0179,ebook_rental,2022-08-13
T00318,U0101,B0047,audiobook_rental,2024-04-19
T00319,U0101,B0017,audiobook_rental,2024-05-30
T00320,U0102,B0253,ebook_rental,2020-09-17
T00321,U0102,B0022,ebook_rental,2022-04-05
T00322,U0102,B0250,ebook_rental,2022-07-31
T00323,U0102,B0180,ebook_rental,2020-08-07
T00324,U0102,B0214,ebook_rental,2022-09-13
T00325,U0102,B0065,ebook_rental,2023-10-13
T00326,U0102,B0093,ebook_rental,2024-02-25
T00327,U0102,B0036,paperback_purchase,2021-09-08
T00328,U0102,B0014,ebook_rental,2023-07-01
T00329,U0102,B0285,ebook_rental,2024-12-07
T00330,U0102,B0289,ebook_rental,2022-08-28
T00331,U0103,B0150,paperback_purchase,2022-03-11
T00332,U0104,B0131,audiobook_rental,2022-04-08
T00333,U0104,B0145,paperback_purchase,2021-06-17
T00334,U0105,B0194,audiobook_rental,2022-06-04
T00335,U0106,B0232,paperback_purchase,2020-10-17
T00336,U0107,B0021,ebook_rental,2021-02-14
T00337,U0108,B0220,paperback_purchase,2023-09-29
T00338,U0109,B0160,paperback_purchase,2022-01-22
T00339,U0110,B0043,paperback_purchase,2022-08-08
T00340,U0110,B0115,ebook_rental,2022-07-25
T00341,U0110,B0234,paperback_purchase,2020-03-10
T00342,U0110,B0216,audiobook_rental,2022-08-16
T00343,U0110,B0100,audiobook_rental,2022-10-22
T00344,U0110,B0159,paperback_purchase,2022-11-16
T00345,U0110,B0043,paperback_purchase,2021-11-25
T00346,U0110,B0020,audiobook_rental,2024-05-26
T00347,U0110,B0162,paperback_purchase,2022-02-10
T00348,U0110,B0224,audiobook_rental,2024-05-07
T00349,U0110,B0278,paperback_purchase,2021-12-13
T00350,U0110,B0156,ebook_rental,2021-04-19
T00351,U0111,B0001,ebook_rental,2023-10-23
T00352,U0112,B0260,paperback_purchase,2024-04-29
T00353,U0113,B0183,ebook_rental,2024-01-31
T00354,U0113,B0164,audiobook_rental,2020-05-06
T00355,U0113,B0027,ebook_rental,2022-06-23
T00356,U0113,B0192,ebook_rental,2021-10-19
T00357,U0113,B0168,ebook_rental,2021-02-04
T00358,U0113,B0261,ebook_rental,2021-02-16
T00359,U0113,B0144,ebook_rental,2020-06-25
T00360,U0113,B0097,ebook_rental,2020-03-09
T00361,U0113,B0252,ebook_rental,2023-03-09
T00362,U0113,B0287,ebook_rental,2022-10-13
T00363,U0113,B0246,ebook_rental,2022-10-22
T00364,U0113,B0263,ebook_rental,2024-06-29
T00365,U0114,B0178,audiobook_rental,2024-11-24
T00366,U0115,B0233,ebook_rental,2024-05-21
T00367,U0116,B0094,audiobook_rental,2021-04-17
T00368,U0116,B0094,audiobook_rental,2024-08-09
T00369,U0116,B0259,audiobook_rental,2020-05-19
T00370,U0116,B0113,audiobook_rental,2024-10-13
T00371,U0116,B0094,audiobook_rental,2024-12-31
T00372,U0116,B0009,audiobook_rental,2023-08-30
T00373,U0116,B0106,audiobook_rental,2021-11-16
T00374,U0117,B0070,paperback_purchase,2024-03-31
T00375,U0118,B0292,paperback_purchase,2024-07-07
T00376,U0119,B0187,paperback_purchase,2022-05-02
T00377,U0119,B0253,paperback_purchase,2021-07-08
T00378,U0120,B0088,ebook_rental,2022-11-05
T00379,U0120,B0114,ebook_rental,2024-05-19
T00380,U0121,B0185,ebook_rental,2020-02-23
T00381,U0121,B0276,ebook_rental,2023-02-05
T00382,U0121,B0185,paperback_purchase,2022-05-30
T00383,U0121,B0139,audiobook_rental,2023-06-14
T00384,U0121,B0172,ebook_rental,2021-05-02
T00385,U0121,B0031,EBOOK_RENTAL,2024-03-10
T00386,U0122,B0079,ebook_rental,2024-11-23
T00387,U0122,B0041,ebook_rental,2022-06-17
T00388,U0123,B0061,paperback_purchase,2021-12-17
T00389,U0124,B0187,paperback_purchase,2023-05-26
T00390,U0124,B0065,ebook_rental,2020-06-05
T00391,U0124,B0130,paperback_purchase,2024-10-24
T00392,U0124,B0237,paperback_purchase,2024-05-16
T00393,U0124,B0064,paperback_purchase,2021-10-15
T00394,U0124,B0001,paperback_purchase,2021-07-26
T00395,U0124,B0068,paperback_purchase,2021-04-17
T00396,U0125,B0257,paperback_purchase,2020-09-08
T00397,U0125,B0234,ebook_rental,2021-04-26
T00398,U0126,B0139,paperback_purchase,2020-08-21
T00399,U0126,B0185,ebook_rental,2023-04-19
T00400,U0126,B0038,audiobook_rental,2021-07-25
T00401,U0127,B0085,ebook_rental,2022-02-26
T00402,U0127,B0145,audiobook_rental,2023-09-13
T00403,U0128,B0038,ebook_rental,2020-03-05
T00404,U0128,B0126,ebook_rental,2024-08-23
T00405,U0128,B0073,paperback_purchase,2021-11-29
T00406,U0128,B0106,ebook_rental,2024-07-11
T00407,U0128,B0038,paperback_purchase,2024-10-24
T00408,U0128,B0111,audiobook_rental,2020-11-28
T00409,U0128,B0032,ebook_rental,2020-09-27
T00410,U0128,B0094,paperback_purchase,2020-06-24
T00411,U0128,B0251,paperback_purchase,2020-03-20
T00412,U0128,B0123,paperback_purchase,2020-09-11
T00413,U0128,B0094,paperback_purchase,2024-10-01
T00414,U0129,B0027,ebook_rental,2022-06-19
T00415,U0129,B0045,ebook_rental,2023-07-30
T00416,U0129,B0170,ebook_rental,2021-07-20
T00417,U0129,B0161,ebook_rental,2024-04-17
T00418,U0129,B0023,ebook_rental,2023-07-14
T00419,U0129,B0146,ebook_rental,2021-04-21
T00420,U0129,B0299,ebook_rental,2024-10-28
T00421,U0129,B0016,paperback_purchase,2020-05-04
T00422,U0130,B0061,ebook_rental,2023-10-21
T00423,U0131,B0249,ebook_rental,2023-05-14
T00424,U0132,B0281,paperback_purchase,2022-11-04
T00425,U0132,B0084,audiobook_rental,2021-10-29
T00426,U9193,B0049,ebook_rental,2026-01-24
T00427,U0132,B0080,ebook_rental,2023-05-28
T00428,U0132,B0203,ebook_rental,2022-08-21
T00429,U0132,B0294,paperback_purchase,2021-08-18
T00430,U0132,B0081,paperback_purchase,2021-03-09
T00431,U0132,B0174,ebook_rental,2021-03-16
T00432,U0132,B0163,ebook_rental,2022-02-19
T00433,U0132,B0019,paperback_purchase,2023-03-03
T00434,U0132,B0082,ebook_rental,2024-06-22
T00435,U0132,B0140,paperback_purchase,2021-10-11
T00436,U0133,B0122,ebook_rental,2021-08-23
T00437,U0133,B0135,ebook_rental,2021-04-17
T00438,U0133,B0220,paperback_purchase,2022-06-30
T00439,U0134,B0152,audiobook_rental,2023-02-21
T00440,U0135,B0108,paperback_purchase,2023-05-24
T00441,U0136,B0042,paperback_purchase,2021-04-15
T00442,U0136,B0065,paperback_purchase,2023-10-12
T00443,U0137,B0261,paperback_purchase,2021-11-30
T00444,U0137,B0157,ebook_rental,2023-03-25
T00445,U0137,B0296,audiobook_rental,2024-11-29
T00446,U0138,B0257,audiobook_rental,2022-05-07
T00447,U0139,B0227,ebook_rental,2024-03-01
T00448,U0139,B0233,ebook_rental,2020-02-19
T00449,U0140,B0146,ebook_rental,2022-11-20
T00450,U0141,B0244,ebook_rental,2020-09-18
T00451,U0142,B0059,ebook_rental,2023-12-29
T00452,U0142,B0114,audiobook_rental,2023-04-26
T00453,U0142,B0082,audiobook_rental,2022-07-08
T00454,U0142,B0286,ebook_rental,2021-08-15
T00455,U0142,B0106,paperback_purchase,2024-08-06
T00456,U0142,B0108,audiobook_rental,2022-01-27
T00457,U0142,B0010,PAPERBACK_PURCHASE,2024-01-19
T00458,U0142,B0113,audiobook_rental,2022-10-07
T00459,U0142,B0286,audiobook_rental,2023-04-02
T00460,U0142,B0222,ebook_rental,2020-10-20
T00461,U0143,B0221,audiobook_rental,2022-05-31
T00462,U0143,B0193,audiobook_rental,2021-12-12
T00463,U0143,B0067,audiobook_rental,2022-06-17
T00464,U0143,B0203,audiobook_rental,2023-05-26
T00465,U0143,B0189,audiobook_rental,2020-07-15
T00466,U0143,B0292,audiobook_rental,2020-02-26
T00467,U0143,B0221,audiobook_rental,2020-01-14
T00468,U0143,B0067,paperback_purchase,2021-07-31
T00469,U0144,B0155,audiobook_rental,2020-09-15
T00470,U0144,B0192,paperback_purchase,2022-06-29
T00471,U0145,B0115,ebook_rental,2024-11-05
T00472,U0145,B0058,paperback_purchase,2021-12-25
T00473,U0145,B0171,paperback_purchase,2021-10-31
T00474,U0145,B0237,paperback_purchase,2024-02-15
T00475,U0145,B0180,paperback_purchase,2022-06-06
T00476,U0145,B0035,paperback_purchase,2021-01-24
T00477,U0145,B0194,paperback_purchase,2020-10-07
T00478,U0145,B0103,ebook_rental,2021-06-27
T00479,U0145,B0014,audiobook_rental,2021-08-01
T00480,U0145,B0251,paperback_purchase,2020-01-07
T00481,U0146,B0240,ebook_rental,2023-12-25
T00482,U0146,B0212,paperback_purchase,2023-07-16
T00483,U0147,B0117,paperback_purchase,2022-12-22
T00484,U0147,B0260,paperback_purchase,2023-09-30
T00485,U0147,B0298,audiobook_rental,2023-01-17
T00486,U0148,B0022,paperback_purchase,2020-08-18
T00487,U0149,B0154,paperback_purchase,2021-10-28
T00488,U0149,B0009,paperback_purchase,2021-10-15
T00489,U0149,B0282,paperback_purchase,2024-05-03
T00490,U0149,B0247,audiobook rental,2023-11-08
T00491,U0149,B0282,paperback_purchase,2024-12-27
T00492,U0149,B0276,ebook_rental,2023-10-14
T00493,U0149,B0099,ebook_rental,2022-03-27
T00494,U0149,B0120,paperback_purchase,2021-11-26
T00495,U0149,B0136,paperback_purchase,2024-11-28
T00496,U0149,B0238,paperback_purchase,2023-06-10
T00497,U0149,B0238,ebook_rental,2024-07-01
T00498,U0149,B0233,ebook_rental,2024-04-19
T00499,U0150,B0173,paperback_purchase,2022-01-11
T00500,U0151,B0230,paperback_purchase,2024-10-26
T00501,U0152,B0160,audiobook_rental,2022-02-04
T00502,U0152,B0199,audiobook_rental,2020-01-28
T00503,U0152,B0257,audiobook_rental,2020-07-28
T00504,U0152,B0228,ebook_rental,2021-09-09
T00505,U0152,B0221,audiobook_rental,2020-03-10
T00506,U0152,B0062,audiobook_rental,2023-09-04
T00507,U0152,B0059,ebook_rental,2024-10-31
T00508,U0152,B0160,audiobook_rental,2020-02-11
T00509,U0152,B0233,audiobook_rental,2020-07-14
T00510,U0152,B0088,ebook_rental,2024-05-26
T00511,U0153,B0184,ebook_rental,2021-09-10
T00512,U0153,B0091,ebook_rental,2022-02-10
T00513,U0153,B0226,ebook_rental,2023-02-22
T00514,U0153,B0137,ebook_rental,2022-11-03
T00515,U0153,B0168,ebook_rental,2022-02-02
T00516,U0153,B0283,ebook_rental,2022-03-24
T00517,U0153,B0217,ebook_rental,2023-08-09
T00518,U0153,B0267,ebook_rental,2020-07-14
T00519,U0153,B0080,ebook_rental,2021-05-26
T00520,U0153,B0188,ebook_rental,2022-12-07
T00521,U0154,B0009,paperback_purchase,2021-05-31
T00522,U0154,B0032,ebook_rental,2020-03-15
T00523,U0155,B0239,ebook_rental,2022-04-12
T00524,U0155,B0214,ebook_rental,2023-01-22
T00525,U0156,B0032,audiobook_rental,2021-10-21
T00526,U0156,B0144,audiobook_rental,2020-08-03
T00527,U0156,B0009,ebook_rental,2020-11-27
T00528,U0157,B0099,ebook_rental,2024-11-16
T00529,U0157,B0238,ebook_rental,2023-07-06
T00530,U0158,B0167,paperback_purchase,2022-05-06
T00531,U0158,B0122,ebook_rental,2024-01-14
T00532,U0158,B0047,audiobook_rental,2023-02-28
T00533,U0158,B0289,audiobook_rental,2024-07-02
T00534,U0158,B0191,audiobook_rental,2021-03-07
T00535,U0158,B0284,audiobook_rental,2020-12-02
T00536,U0159,B0047,paperback_purchase,2021-01-02
T00537,U0159,B0220,ebook_rental,2021-09-30
T00538,U0160,B0252,paperback_purchase,2023-01-06
T00539,U0160,B0042,audiobook_rental,
T00540,U0160,B0132,paperback_purchase,2021-12-07
T00541,U0161,B0249,ebook_rental,2021-08-05
T00542,U0162,B0284,ebook_rental,2022-01-22
T00543,U0163,B0239,audiobook_rental,2023-01-13
T00544,U0163,B0143,ebook_rental,2021-07-27
T00545,U0164,B0248,ebook_rental,2020-09-16
T00546,U0164,B0073,audiobook_rental,2023-05-23
T00547,U0164,B0155,ebook_rental,2023-10-01
T00548,U0164,B0183,paperback_purchase,2021-03-19
T00549,U0164,B0276,ebook_rental,2020-12-03
T00550,U0165,B0147,paperback_purchase,2020-06-08
T00551,U0165,B0066,audiobook_rental,2023-09-23
T00552,U0165,B0201,paperback_purchase,2021-05-08
T00553,U0166,B0272,audiobook_rental,2023-12-17
T00554,U0166,B0068,paperback_purchase,2022-12-22
T00555,U0166,B0126,ebook_rental,2023-07-21
T00556,U0167,B0140,paperback_purchase,2023-02-21
T00557,U0167,B0084,audiobook_rental,2023-02-16
T00558,U0167,B0224,ebook_rental,2024-10-17
T00559,U0167,B0229,audiobook_rental,2021-03-13
T00560,U0168,B0078,ebook_rental,2024-03-11
T00561,U0169,B0172,audiobook_rental,2022-12-13
T00562,U0169,B0165,audiobook_rental,2022-01-25
T00563,U0170,B0136,ebook_rental,2023-05-27
T00564,U0170,B0032,ebook_rental,2022-03-26
T00565,U0170,B0078,ebook_rental,2023-07-04
T00566,U0171,B0258,ebook_rental,
T00567,U0171,B0034,paperback_purchase,2020-12-21
T00568,U0171,B0264,paperback_purchase,2024-07-11
T00569,U0171,B0051,ebook_rental,2026-05-10
T00570,U0171,B0030,ebook_rental,2024-09-04
T00571,U0172,B0009,audiobook_rental,2021-10-05
T00572,U0173,B0149,paperback_purchase,2024-10-12
T00573,U0173,B0243,paperback_purchase,2024-09-10
T00574,U0173,B0227,ebook_rental,2022-11-23
T00575,U0173,B0198,paperback_purchase,2023-10-03
T00576,U0173,B0124,paperback_purchase,2024-02-01
T00577,U0173,B0218,paperback_purchase,2023-05-31
T00578,U0174,B0129,ebook_rental,2020-12-20
T00579,U0174,B0109,ebook_rental,2021-11-30
T00580,U0174,B0288,paperback_purchase,2022-08-06
T00581,U0174,B0288,ebook_rental,2020-06-25
T00582,U0174,B0186,ebook_rental,2024-04-19
T00583,U0174,B0034,ebook_rental,2022-07-31
T00584,U0175,B0006,ebook_rental,2021-09-22
T00585,U0175,B0070,ebook_rental,2020-04-19
T00586,U0175,B0194,audiobook_rental,2023-03-03
T00587,U0176,B0090,ebook_rental,2021-07-12
T00588,U0176,B0045,ebook_rental,2021-06-25
T00589,U0176,B0183,ebook_rental,2024-04-30
T00590,U0176,B0203,paperback_purchase,2020-03-16
T00591,U0176,B0279,audiobook_rental,2022-06-07
T00592,U0176,B0091,ebook_rental,2021-02-28
T00593,U0176,B0161,ebook_rental,2020-07-04
T00594,U0176,B0175,ebook_rental,2020-08-24
T00595,U0176,B0188,ebook_rental,2022-02-01
T00596,U0176,B0297,audiobook_rental,2023-12-07
T00597,U0177,B0130,ebook_rental,2020-11-21
T00598,U0177,B0044,audiobook_rental,2021-01-18
T00599,U0177,B0059,ebook_rental,2024-03-20
T00600,U0177,B0075,ebook_rental,2023-03-25
T00601,U0177,B0232,audiobook_rental,2021-06-01
T00602,U0177,B0059,ebook_rental,2021-09-06
T00603,U0177,B0198,ebook_rental,2020-08-08
T00604,U0177,B0130,audiobook_rental,2023-04-29
T00605,U0177,B0059,ebook_rental,2024-12-20
T00606,U0178,B0240,ebook_rental,2024-03-19
T00607,U0178,B0038,ebook_rental,2020-07-04
T00608,U0179,B0219,ebook_rental,2024-06-29
T00609,U0179,B0202,ebook_rental,2023-09-10
T00610,U0179,B0152,ebook_rental,2020-06-13
T00611,U0179,B0286,ebook_rental,2024-01-23
T00612,U0179,B0236,ebook_rental,2020-01-11
T00613,U0179,B0271,paperback_purchase,2023-11-07
T00614,U0179,B0160,audiobook_rental,2024-08-29
T00615,U0179,B0294,paperback_purchase,2022-03-04
T00616,U0179,B0088,ebook_rental,2024-05-02
T00617,U0179,B0156,ebook_rental,2023-05-07
T00618,U0179,B0114,audiobook_rental,2020-02-25
T00619,U0179,B0044,ebook_rental,2022-01-25
T00620,U0180,B0046,audiobook_rental,2023-06-04
T00621,U0180,B0212,ebook_rental,2022-10-20
T00622,U0180,B0055,audiobook_rental,2021-11-26
T00623,U0180,B0110,ebook_rental,2021-09-29
T00624,U0180,B0020,ebook_rental,2022-05-13
T00625,U0181,B0032,ebook_rental,2024-09-04
T00626,U0182,B0136,ebook_rental,2021-12-10
T00627,U0182,B0247,ebook_rental,2020-11-25
T00628,U0182,B0247,ebook_rental,2020-01-24
T00629,U0182,B0009,paperback_purchase,2024-04-28
T00630,U0182,B0032,ebook_rental,2020-08-25
T00631,U0182,B0185,paperback_purchase,2024-09-24
T00632,U0182,B0038,ebook_rental,2022-12-24
T00633,U0183,B0021,ebook_rental,2020-11-03
T00634,U0183,B0158,paperback_purchase,2021-02-08
T00635,U0183,B0079,audiobook_rental,2020-09-05
T00636,U0183,B0213,Audiobook_Rental,2021-05-31
T00637,U0183,B0210,ebook_rental,2023-01-16
T00638,U0183,B0071,paperback_purchase,2022-07-03
T00639,U0184,B0038,ebook_rental,2023-05-05
T00640,U0184,B0282,ebook_rental,2021-05-24
T00641,U0184,B0154,ebook_rental,2023-07-20
T00642,U0184,B0019,paperback_purchase,2023-11-12
T00643,U0184,B0216,ebook_rental,2023-03-11
T00644,U0184,B0019,paperback_purchase,2020-10-27
T00645,U0184,B0094,ebook_rental,2021-11-22
T00646,U0184,B0247,ebook_rental,2024-01-17
T00647,U0184,B0183,ebook_rental,2024-06-13
T00648,U0184,B0211,ebook_rental,2022-11-18
T00649,U0184,B0019,ebook_rental,2022-08-26
T00650,U0184,B0244,ebook_rental,2021-07-20
T00651,U0185,B0061,ebook_rental,2023-10-20
T00652,U0185,B0168,ebook_rental,2024-05-20
T00653,U0185,B0039,audiobook_rental,2023-05-11
T00654,U0185,B0037,ebook_rental,2021-10-26
T00655,U0185,B0162,ebook_rental,2023-04-19
T00656,U0185,B0039,audiobook_rental,2022-09-01
T00657,U0185,B0037,EBOOK_RENTAL,2020-11-06
T00658,U0185,B0010,paperback purchase,2023-11-29
T00659,U0185,B0144,ebook_rental,2023-09-15
T00660,U0185,B0039,ebook_rental,2020-06-19
T00661,U9389,B0043,audiobook_rental,2022-01-26
T00662,U0187,B0130,paperback_purchase,2022-07-13
T00663,U0187,B0223,audiobook_rental,2023-07-02
T00664,U0187,B0059,ebook_rental,2024-03-18
T00665,U0187,B0059,paperback_purchase,2022-02-07
T00666,U0188,B0085,audiobook_rental,2020-07-17
T00667,U0189,B0228,ebook_rental,2023-03-14
T00668,U0189,B0228,paperback_purchase,2023-01-31
T00669,U0189,B0007,ebook_rental,2021-10-16
T00670,U0189,B0134,ebook_rental,2022-10-25
T00671,U0189,B0285,ebook_rental,2021-08-09
T00672,U0189,B0147,audiobook_rental,2021-08-13
T00673,U0189,B0212,paperback_purchase,2023-09-05
T00674,U0189,B0134,paperback_purchase,2023-08-30
T00675,U0190,B0210,ebook_rental,2021-01-21
T00676,U0190,B0218,paperback_purchase,2023-05-12
T00677,U0190,B0226,ebook_rental,2020-12-06
T00678,U0191,B0133,paperback_purchase,2020-02-16
T00679,U0191,B0265,audiobook_rental,2022-07-26
T00680,U0192,B0271,audiobook_rental,2020-12-24
T00681,U0193,B0015,paperback_purchase,2021-10-22
T00682,U0194,B0153,audiobook_rental,2021-02-27
T00683,U0195,B0124,paperback_purchase,2022-06-27
T00684,U0196,B0164,paperback_purchase,2022-10-21
T00685,U0197,B0143,ebook_rental,2024-11-21
T00686,U0198,B0033,audiobook_rental,2020-01-15
T00687,U0198,B0128,audiobook_rental,2024-10-31
T00688,U0198,B0084,ebook_rental,2024-12-14
T00689,U0198,B0239,audiobook_rental,2024-01-03
T00690,U0198,B0033,audiobook_rental,2021-08-22
T00691,U0198,B0085,ebook_rental,2022-01-14
T00692,U0198,B0230,ebook rental,2022-05-27
T00693,U0198,B0213,audiobook_rental,2024-03-23
T00694,U0198,B0146,audiobook_rental,2020-10-17
T00695,U0198,B0084,audiobook_rental,2021-11-06
T00696,U0198,B0244,audiobook_rental,2024-03-30
T00697,U0199,B0204,ebook_rental,2021-11-08
T00698,U0199,B0235,paperback_purchase,2024-04-08
T00699,U0199,B0208,ebook_rental,2024-12-07
T00700,U0199,B0141,ebook_rental,2024-01-06
T00701,U0199,B0103,ebook_rental,2023-10-10
T00702,U0199,B0141,ebook_rental,2020-10-27
T00703,U0200,B0090,ebook_rental,2023-07-28
T00704,U9782,B0135,ebook_rental,2020-10-30
T00705,U0200,B0214,ebook_rental,2022-04-11
T00706,U0200,B0289,paperback_purchase,2023-08-11
T00707,U0200,B0191,ebook_rental,2022-02-05
T00708,U0200,B0004,audiobook_rental,2024-11-18
T00709,U0200,B0220,paperback_purchase,2023-10-01
T00710,U0200,B0191,ebook_rental,2020-11-03
T00711,U0200,B0062,ebook_rental,2023-08-24
T00712,U0200,B0262,ebook_rental,2024-09-16
T00713,U0200,B0217,ebook_rental,2026-03-14
T00714,U0201,B0002,paperback_purchase,2021-07-09
T00715,U0201,B0027,paperback_purchase,2021-05-16
T00716,U0201,B0094,paperback_purchase,2021-04-12
T00717,U0202,B0123,paperback_purchase,2021-06-28
T00718,U0202,B0031,ebook_rental,2020-09-28
T00719,U0202,B0031,ebook_rental,2022-08-08
T00720,U0202,B0136,ebook_rental,2024-06-05
T00721,U0202,B0276,ebook_rental,2022-09-01
T00722,U0203,B0238,paperback_purchase,2023-05-10
T00723,U0203,B0099,audiobook_rental,2024-10-29
T00724,U0203,B0080,paperback_purchase,2023-04-21
T00725,U0203,B0188,audiobook_rental,2023-05-16
T00726,U0203,B0238,paperback_purchase,2022-11-19
T00727,U0203,B0147,paperback_purchase,2021-11-29
T00728,U0204,B0262,audiobook_rental,2021-09-24
T00729,U0205,B0009,paperback_purchase,2022-09-25
T00730,U0206,B0193,paperback_purchase,2022-10-12
T00731,U0207,B0147,ebook_rental,2023-10-10
T00732,U0207,B0134,ebook_rental,2023-07-30
T00733,U0207,B0262,ebook_rental,2021-03-12
T00734,U0208,B0184,paperback_purchase,2024-04-18
T00735,U0209,B0135,AUDIOBOOK_RENTAL,2023-06-02
T00736,U0210,B0205,paperback_purchase,2021-10-25
T00737,U0211,B0109,audiobook_rental,2024-05-28
T00738,U0212,B0250,ebook_rental,2023-09-18
T00739,U0213,B0075,ebook_rental,2022-08-28
T00740,U0214,B0006,audiobook_rental,2021-04-13
T00741,U0215,B0186,paperback_purchase,2022-01-29
T00742,U0215,B0069,paperback_purchase,2022-07-10
T00743,U0215,B0077,paperback_purchase,2020-01-12
T00744,U0216,B0015,audiobook_rental,2021-12-25
T00745,U0216,B0086,ebook_rental,2024-08-03
T00746,U0216,B0185,ebook_rental,2024-09-01
T00747,U0216,B0139,ebook_rental,2021-10-29
T00748,U0216,B0139,ebook_rental,2024-10-19
T00749,U0216,B0276,ebook_rental,2024-01-20
T00750,U0216,B0205,paperback_purchase,2024-05-18
T00751,U0216,B0172,audiobook_rental,2021-05-26
T00752,U0216,B0187,ebook_rental,2020-07-26
T00753,U0216,B0031,ebook_rental,2022-06-16
T00754,U0217,B0233,ebook_rental,2024-12-08
T00755,U0217,B0015,ebook_rental,2024-08-15
T00756,U0218,B0123,ebook_rental,2021-09-04
T00757,U0218,B0010,ebook_rental,2023-03-18
T00758,U0219,B0050,ebook_rental,2023-11-13
T00759,U0219,B0005,ebook_rental,2024-10-13
T00760,U0220,B0191,ebook_rental,2024-03-10
T00761,U0220,B0099,paperback_purchase,2022-01-11
T00762,U0221,B0068,ebook_rental,2021-06-06
T00763,U0221,B0209,paperback_purchase,2022-03-22
T00764,U0221,B0073,audiobook_rental,2022-11-15
T00765,U0221,B0237,ebook_rental,2022-10-29
T00766,U0221,B0075,ebook_rental,2023-07-23
T00767,U0221,B0059,paperback_purchase,2024-05-17
T00768,U0221,B0115,paperback_purchase,2023-03-21
T00769,U0221,B0049,audiobook_rental,2024-04-20
T00770,U0221,B0044,ebook_rental,2023-08-25
T00771,U0221,B0265,ebook_rental,2022-07-18
T00772,U0221,B0294,ebook_rental,2020-01-14
T00773,U0222,B0157,ebook_rental,2021-10-22
T00774,U0223,B0270,audiobook_rental,2023-04-11
T00775,U0223,B0006,ebook_rental,2024-04-25
T00776,U0224,B0023,audiobook_rental,2020-11-08
T00777,U0224,B0011,audiobook_rental,2020-07-25
T00778,U0225,B0169,paperback_purchase,2024-05-15
T00779,U9576,B0136,paperback_purchase,2024-11-17
T00780,U0225,B0197,ebook_rental,2021-09-12
T00781,U0225,B0054,paperback_purchase,2024-04-30
T00782,U0225,B0165,ebook_rental,2020-09-09
T00783,U0225,B0169,ebook_rental,2022-02-18
T00784,U0225,B0154,paperback_purchase,2024-04-27
T00785,U0225,B0032,ebook_rental,2022-11-03
T00786,U0225,B0165,paperback_purchase,2024-02-25
T00787,U0225,B0056,ebook_rental,2021-03-06
T00788,U0225,B0275,Paperback_Purchase,2022-11-07
T00789,U0226,B0075,paperback_purchase,2020-01-15
T00790,U0227,B0045,audiobook_rental,2024-10-22
T00791,U0227,B0029,ebook_rental,
T00792,U0227,B0273,ebook_rental,2024-11-28
T00793,U0227,B0267,paperback_purchase,2020-04-02
T00794,U0227,B0212,ebook_rental,2020-09-19
T00795,U0227,B0269,ebook_rental,2020-05-05
T00796,U0227,B0066,ebook_rental,2023-06-18
T00797,U0228,B0057,ebook_rental,2020-12-19
T00798,U0228,B0059,audiobook_rental,2022-01-17
T00799,U0228,B0081,audiobook_rental,2021-09-18
T00800,U0228,B0092,ebook_rental,2023-06-27
T00801,U0228,B0187,audiobook_rental,2024-12-25
T00802,U0228,B0065,paperback_purchase,
T00803,U0228,B0116,ebook_rental,2020-11-19
T00804,U0228,B0279,audiobook_rental,2022-05-09
T00805,U0228,B0065,audiobook_rental,2024-10-19
T00806,U0228,B0153,paperback_purchase,2021-09-29
T00807,U0228,B0229,paperback_purchase,2021-10-23
T00808,U0229,B0122,ebook_rental,2022-09-05
T00809,U0229,B0292,audiobook_rental,2020-09-14
T00810,U0229,B0063,paperback_purchase,2021-04-06
T00811,U0229,B0020,paperback_purchase,2024-12-21
T00812,U0230,B0141,ebook_rental,2021-01-13
T00813,U0230,B0171,ebook_rental,2022-11-30
T00814,U0230,B0059,ebook_rental,2022-02-06
T00815,U0231,B0240,paperback_purchase,2024-03-11
T00816,U0232,B0052,ebook_rental,2021-01-08
T00817,U0232,B0209,paperback_purchase,2020-11-27
T00818,U0232,B0101,ebook_rental,2024-10-22
T00819,U0233,B0223,ebook_rental,2022-04-10
T00820,U0233,B0165,paperback_purchase,2023-01-22
T00821,U0234,B0274,paperback_purchase,2023-09-04
T00822,U0234,B0093,ebook_rental,2021-11-29
T00823,U0234,B0191,paperback_purchase,2023-09-30
T00824,U0235,B0248,ebook_rental,2020-05-09
T00825,U0236,B0171,ebook_rental,2023-01-17
T00826,U0236,B0060,paperback_purchase,2020-09-03
T00827,U0236,B0163,paperback_purchase,2022-06-12
T00828,U0236,B0124,paperback_purchase,2022-03-25
T00829,U0236,B0264,paperback_purchase,2021-02-10
T00830,U0236,B0081,ebook_rental,2024-06-26
T00831,U0236,B0060,ebook_rental,2022-02-05
T00832,U0236,B0264,paperback_purchase,2021-04-08
T00833,U0236,B0110,paperback_purchase,2024-10-23
T00834,U0236,B0256,paperback_purchase,2021-08-30
T00835,U0236,B0007,ebook_rental,2022-08-16
T00836,U0237,B0006,ebook_rental,2020-01-01
T00837,U0237,B0143,paperback_purchase,2021-03-03
T00838,U0237,B0017,paperback_purchase,2022-09-11
T00839,U0238,B0012,audiobook_rental,2022-03-12
T00840,U0239,B0007,ebook_rental,2023-04-26
T00841,U0239,B0007,ebook_rental,2021-07-19
T00842,U0239,B0190,ebook_rental,2021-02-25
T00843,U0239,B0190,paperback_purchase,2020-01-23
T00844,U0239,B0007,ebook_rental,2021-04-20
T00845,U0239,B0254,paperback_purchase,2020-11-10
T00846,U9684,B0024,ebook_rental,2024-11-27
T00847,U0239,B0189,ebook_rental,2020-08-19
T00848,U0239,B0007,paperback_purchase,2024-04-02
T00849,U0239,B0212,ebook_rental,2021-05-09
T00850,U0240,B0035,paperback_purchase,2022-05-13
T00851,U0240,B0129,audiobook_rental,2024-09-21
T00852,U0241,B0002,audiobook_rental,2021-11-04
T00853,U0242,B0298,ebook_rental,2021-12-31
T00854,U0242,B0059,paperback_purchase,2021-05-12
T00855,U0242,B0179,audiobook_rental,2020-07-31
T00856,U0243,B0173,paperback_purchase,2022-02-08
T00857,U0243,B9690,audiobook_rental,2023-03-24
T00858,U0243,B0180,ebook_rental,2023-04-03
T00859,U0243,B0249,audiobook_rental,2021-12-12
T00860,U0243,B0023,paperback_purchase,2022-03-27
T00861,U0243,B0138,audiobook_rental,2021-01-05
T00862,U0243,B0180,ebook_rental,2022-04-24
T00863,U0244,B0020,ebook_rental,2022-01-04
T00864,U0244,B0036,ebook_rental,2022-07-02
T00865,U0245,B0018,paperback_purchase,2024-04-23
T00866,U0245,B0270,PAPERBACK_PURCHASE,2024-02-25
T00867,U0245,B0173,ebook_rental,2024-09-25
T00868,U0245,B0289,audiobook_rental,2023-01-07
T00869,U0245,B0024,paperback_purchase,2023-08-02
T00870,U0245,B0179,ebook_rental,2024-03-29
T00871,U0245,B0108,ebook_rental,2021-12-19
T00872,U0245,B0173,ebook_rental,2020-12-11
T00873,U0245,B0010,ebook_rental,2022-11-02
T00874,U0245,B0140,paperback_purchase,2023-06-20
T00875,U0245,B0018,paperback_purchase,2024-11-30
T00876,U0246,B0018,audiobook_rental,2024-01-06
T00877,U0247,B0179,ebook_rental,2020-09-29
T00878,U0247,B0035,ebook_rental,2023-06-10
T00879,U0247,B0276,paperback_purchase,2021-05-18
T00880,U0247,B0099,paperback_purchase,2021-04-04
T00881,U0247,B0084,paperback_purchase,2020-10-24
T00882,U0247,B0293,paperback_purchase,2024-09-12
T00883,U0247,B0183,audiobook_rental,2021-01-28
T00884,U0248,B0138,audiobook_rental,2023-04-04
T00885,U0249,B0050,ebook_rental,2024-03-09
T00886,U0249,B0014,audiobook_rental,2022-06-02
T00887,U0249,B0193,audiobook_rental,2021-10-17
T00888,U0249,B0244,audiobook_rental,2024-10-27
T00889,U0249,B0175,audiobook_rental,2024-05-25
T00890,U0249,B0244,paperback_purchase,2021-04-11
T00891,U0249,B0072,audiobook_rental,2024-08-08
T00892,U0249,B0243,audiobook_rental,2022-07-31
T00893,U0249,B0072,paperback_purchase,2020-02-15
T00894,U0249,B0095,paperback_purchase,2022-09-03
T00895,U0249,B0071,audiobook_rental,2023-03-12
T00896,U0250,B0082,paperback_purchase,2024-01-01
T00897,U0250,B0226,audiobook_rental,2022-03-22
T00898,U0250,B0279,paperback_purchase,2021-11-07
T00899,U0251,B0190,paperback_purchase,2020-10-22
T00900,U0252,B0155,ebook_rental,2020-04-18
T00901,U0253,B0284,audiobook_rental,2023-06-11
T00902,U0253,B0011,audiobook_rental,2021-05-24
T00903,U0253,B0054,audiobook_rental,2024-02-01
T00904,U0254,B0169,paperback_purchase,2022-04-06
T00905,U0254,B0027,ebook_rental,2020-10-10
T00906,U0254,B0106,ebook_rental,2023-12-19
T00907,U0254,B0201,ebook_rental,2021-06-17
T00908,U0254,B0106,ebook_rental,2021-11-26
T00909,U0254,B0027,audiobook_rental,2024-12-05
T00910,U0254,B0280,paperback_purchase,2020-07-14
T00911,U0254,B0169,paperback_purchase,2020-01-10
T00912,U0254,B0169,ebook_rental,2023-02-27
T00913,U0254,B0224,ebook_rental,2023-07-27
T00914,U0254,B0019,audiobook_rental,2020-07-17
T00915,U0255,B0122,ebook_rental,2020-12-28
T00916,U0255,B0253,paperback_purchase,2022-11-05
T00917,U0256,B0069,audiobook_rental,2020-03-03
T00918,U0256,B0231,audiobook_rental,2024-07-11
T00919,U0256,B0232,audiobook_rental,2023-04-23
T00920,U0256,B0174,audiobook_rental,2020-11-13
T00921,U0256,B0082,audiobook_rental,2024-08-30
T00922,U0256,B0224,ebook_rental,2020-05-14
T00923,U0256,B0076,audiobook_rental,2021-01-20
T00924,U0256,B0083,ebook_rental,2024-07-18
T00925,U0257,B0103,ebook_rental,2023-09-20
T00926,U0258,B0023,ebook_rental,2023-03-23
T00927,U0259,B0126,audiobook_rental,2021-08-01
T00928,U0259,B0024,ebook_rental,2023-07-06
T00929,U0259,B0252,audiobook_rental,2020-02-18
T00930,U9184,B0114,paperback_purchase,2022-03-07
T00931,U0259,B0298,ebook_rental,2024-04-27
T00932,U0259,B0198,ebook_rental,2021-09-20
T00933,U0259,B0225,ebook_rental,2020-02-27
T00934,U0259,B0178,ebook_rental,2023-01-06
T00935,U0259,B0099,ebook_rental,2024-02-21
T00936,U0259,B0152,ebook_rental,2021-03-15
T00937,U0260,B0068,ebook_rental,2021-03-29
T00938,U0261,B0154,audiobook_rental,2022-10-11
T00939,U0262,B0021,paperback_purchase,2020-04-02
T00940,U0263,B0277,ebook_rental,2021-08-17
T00941,U0263,B0110,audiobook_rental,2020-12-28
T00942,U0263,B0009,Ebook Rental,2020-04-01
T00943,U0263,B0131,audiobook_rental,2021-06-12
T00944,U0263,B0147,ebook_rental,2021-02-23
T00945,U0263,B0285,audiobook_rental,2022-02-11
T00946,U0263,B0289,audiobook_rental,2021-06-03
T00947,U0263,B0191,audiobook_rental,2020-09-20
T00948,U0263,B0191,audiobook_rental,2024-06-08
T00949,U0263,B0285,paperback_purchase,2024-02-24
T00950,U0264,B0085,ebook_rental,2021-08-06
T00951,U0264,B0232,ebook_rental,2024-04-07
T00952,U0265,B0286,ebook_rental,2020-06-26
T00953,U0265,B0236,paperback_purchase,2022-08-18
T00954,U0265,B0286,paperback_purchase,2021-01-12
T00955,U0266,B0142,ebook_rental,2021-05-10
T00956,U0267,B0209,ebook_rental,2024-02-21
T00957,U0267,B0232,paperback_purchase,2024-04-22
T00958,U0267,B0290,paperback_purchase,2020-11-08
T00959,U0267,B0105,ebook_rental,2021-12-18
T00960,U0267,B0168,audiobook_rental,2022-02-17
T00961,U0267,B0267,paperback_purchase,2021-01-11
T00962,U0267,B0003,paperback_purchase,2024-11-19
T00963,U0267,B0101,audiobook_rental,2021-08-12
T00964,U0267,B0102,paperback_purchase,2020-08-16
T00965,U0268,B0205,paperback_purchase,2023-06-20
T00966,U0268,B0146,paperback_purchase,2020-10-20
T00967,U0268,B0004,paperback_purchase,2026-01-03
T00968,U0268,B0239,paperback_purchase,2024-10-21
T00969,U0268,B0134,paperback_purchase,2020-02-10
T00970,U0269,B0033,audiobook_rental,2021-08-01
T00971,U0269,B0259,ebook_rental,2023-06-08
T00972,U0269,B0293,paperback_purchase,2022-09-08
T00973,U0269,B0290,paperback_purchase,2020-10-22
T00974,U0269,B0168,paperback_purchase,2021-06-10
T00975,U0269,B0269,paperback_purchase,2020-10-21
T00976,U0269,B0290,paperback_purchase,2022-04-03
T00977,U0270,B0263,ebook_rental,2021-03-02
T00978,U0270,B0179,audiobook_rental,2022-06-28
T00979,U0270,B0024,audiobook_rental,2020-09-29
T00980,U0270,B0044,ebook_rental,2021-02-02
T00981,U0270,B0084,ebook_rental,2022-02-06
T00982,U0270,B0179,ebook_rental,2023-01-16
T00983,U0270,B0225,paperback_purchase,2022-04-24
T00984,U0270,B0059,ebook_rental,2023-09-12
T00985,U0270,B0238,audiobook_rental,2020-02-18
T00986,U0270,B0130,ebook_rental,2024-03-07
T00987,U0270,B0044,ebook_rental,2020-11-04
T00988,U0270,B0044,audiobook_rental,2024-04-10
T00989,U0271,B0197,paperback_purchase,2022-12-22
T00990,U0271,B0062,ebook_rental,2020-02-13
T00991,U0271,B0260,ebook_rental,2024-10-12
T00992,U0272,B0193,audiobook_rental,2021-02-19
T00993,U0273,B0270,ebook_rental,2024-09-17
T00994,U0273,B0102,ebook_rental,2024-08-23
T00995,U0274,B0192,paperback_purchase,2021-08-16
T00996,U0274,B0001,ebook_rental,2020-11-30
T00997,U0274,B0182,audiobook_rental,2020-11-20
T00998,U0275,B0057,paperback_purchase,2023-11-14
T00999,U0275,B0050,ebook_rental,2022-06-30
T01000,U0275,B0253,ebook_rental,2022-08-26
T01001,U0275,B0098,audiobook_rental,2023-11-10
T01002,U0275,B0098,ebook_rental,2022-07-05
T01003,U0275,B0252,ebook_rental,
T01004,U0275,B0203,ebook_rental,2020-12-28
T01005,U0275,B0158,ebook_rental,2020-08-15
T01006,U0276,B0057,ebook_rental,2021-08-21
T01007,U0276,B0154,ebook_rental,2020-02-02
T01008,U0276,B0240,audiobook_rental,2021-01-28
T01009,U0276,B0203,ebook_rental,2022-09-29
T01010,U0276,B0164,ebook_rental,2023-12-05
T01011,U0276,B0233,ebook_rental,2020-03-23
T01012,U0277,B0188,ebook_rental,2023-09-12
T01013,U0277,B0217,ebook_rental,2024-02-13
T01014,U0278,B0215,paperback_purchase,2022-08-20
T01015,U0279,B0031,audiobook_rental,2023-11-28
T01016,U0280,B0138,audiobook_rental,2024-10-14
T01017,U0280,B0147,audiobook_rental,2024-01-12
T01018,U0280,B0262,ebook_rental,2020-06-19
T01019,U0280,B0101,paperback_purchase,2021-10-14
T01020,U0280,B0289,ebook_rental,2021-05-12
T01021,U0280,B0262,ebook_rental,2024-06-29
T01022,U0280,B0020,ebook_rental,2024-01-20
T01023,U0280,B0078,ebook_rental,2020-11-15
T01024,U0280,B0047,paperback_purchase,2023-06-08
T01025,U0280,B0191,ebook_rental,2021-01-15
T01026,U0280,B0205,ebook_rental,
T01027,U0280,B0012,ebook_rental,2021-10-18
T01028,U0281,B0245,paperback_purchase,2023-12-21
T01029,U0282,B0169,audiobook_rental,2022-08-18
T01030,U0283,B0074,paperback_purchase,2022-06-25
T01031,U0283,B0233,paperback_purchase,2021-06-23
T01032,U0283,B0013,paperback_purchase,2023-12-04
T01033,U0283,B0004,paperback_purchase,2024-10-03
T01034,U0283,B0182,ebook_rental,2023-07-25
T01035,U0283,B0230,paperback_purchase,2021-03-22
T01036,U0283,B0233,ebook_rental,2022-12-22
T01037,U0283,B0233,paperback_purchase,2021-07-30
T01038,U0283,B0099,paperback_purchase,2024-02-10
T01039,U0283,B0211,paperback_purchase,2023-10-12
T01040,U0283,B0238,audiobook_rental,2026-03-24
T01041,U0283,B0019,ebook_rental,2023-03-11
T01042,U0284,B0061,paperback_purchase,2022-07-12
T01043,U0285,B0042,ebook_rental,2022-01-28
T01044,U0285,B0064,paperback_purchase,2021-04-12
T01045,U0285,B0253,ebook_rental,2024-12-07
T01046,U0286,B0104,paperback_purchase,2022-08-07
T01047,U0286,B0004,paperback_purchase,2022-05-09
T01048,U0287,B0286,paperback_purchase,2022-02-20
T01049,U0287,B0108,paperback_purchase,2020-11-05
T01050,U0287,B0286,paperback_purchase,2020-11-02
T01051,U9862,B0286,paperback_purchase,2020-11-20
T01052,U0287,B0031,paperback_purchase,2021-04-11
T01053,U0287,B0160,paperback_purchase,2022-06-10
T01054,U0287,B0298,paperback_purchase,2020-08-05
T01055,U0288,B0128,paperback_purchase,2023-05-29
T01056,U0288,B0087,paperback_purchase,2024-07-03
T01057,U0288,B0188,paperback_purchase,2023-07-17
T01058,U0288,B0242,paperback_purchase,2022-05-28
T01059,U0288,B0091,paperback_purchase,2024-01-24
T01060,U0288,B0243,ebook_rental,
T01061,U0288,B0226,audiobook_rental,2021-05-19
T01062,U0288,B0218,paperback_purchase,2023-07-22
T01063,U0288,B0004,audiobook_rental,2024-06-13
T01064,U0288,B0070,ebook_rental,2024-05-19
T01065,U0288,B0058,paperback_purchase,2022-09-27
T01066,U0289,B0142,paperback_purchase,2022-11-12
T01067,U0290,B0106,paperback_purchase,2023-07-01
T01068,U0290,B0094,ebook_rental,2020-05-17
T01069,U0290,B0106,audiobook_rental,2023-12-28
T01070,U0291,B0128,audiobook_rental,2022-08-28
T01071,U0292,B0155,paperback_purchase,2021-11-01
T01072,U0292,B0063,ebook_rental,2024-05-23
T01073,U0292,B0268,paperback_purchase,2023-05-23
T01074,U0293,B0073,paperback_purchase,2023-05-08
T01075,U0293,B0056,paperback_purchase,2022-12-08
T01076,U0293,B0173,paperback_purchase,2021-09-02
T01077,U0293,B0246,paperback_purchase,2023-08-27
T01078,U0293,B0167,ebook_rental,2022-07-03
T01079,U0293,B0131,ebook_rental,2020-08-08
T01080,U0293,B0246,paperback_purchase,2022-07-17
T01081,U0294,B0017,paperback_purchase,2021-10-23
T01082,U0295,B0206,ebook_rental,2023-02-05
T01083,U0295,B0156,paperback_purchase,2023-01-31
T01084,U0295,B0128,ebook_rental,2020-12-30
T01085,U0295,B0260,ebook_rental,2021-10-25
T01086,U0295,B0102,ebook_rental,2022-10-14
T01087,U0295,B0168,ebook_rental,2022-12-06
T01088,U0295,B0054,ebook_rental,2022-01-01
T01089,U0295,B0206,ebook_rental,2022-10-05
T01090,U0296,B0055,ebook_rental,2022-05-02
T01091,U0297,B0017,ebook_rental,2024-07-25
T01092,U0298,B0053,paperback_purchase,2024-04-11
T01093,U0298,B0020,paperback_purchase,2020-04-17
T01094,U0298,B0118,paperback_purchase,2020-11-08
T01095,U0298,B0213,paperback_purchase,2023-10-04
T01096,U0298,B0120,ebook_rental,2020-02-18
T01097,U0298,B0118,ebook_rental,2020-03-14
T01098,U0298,B0096,paperback_purchase,2023-12-08
T01099,U0298,B0203,paperback_purchase,2022-03-24
T01100,U0298,B0008,paperback_purchase,2021-07-30
T01101,U0298,B0120,paperback_purchase,2024-09-05
T01102,U0298,B0181,paperback_purchase,2021-10-31
T01103,U0299,B0148,audiobook_rental,2022-07-13
T01104,U0299,B0228,audiobook_rental,2024-04-25
T01105,U0299,B0007,ebook_rental,2024-07-05
T01106,U0299,B0210,audiobook_rental,2024-04-04
T01107,U0299,B0187,audiobook_rental,2024-08-01
T01108,U0299,B0220,audiobook_rental,2023-03-06
T01109,U0299,B0007,audiobook_rental,2021-03-19
T01110,U0299,B0270,audiobook_rental,2024-01-14
T01111,U0299,B0253,audiobook_rental,2022-10-03
T01112,U0299,B0012,paperback_purchase,2020-06-08
T01113,U0300,B0017,paperback_purchase,2023-06-22
T01114,U0301,B0103,paperback_purchase,2020-01-01
T01115,U0301,B0252,paperback_purchase,2020-07-18
T01116,U0301,B0236,paperback_purchase,2024-02-28
T01117,U0302,B0011,ebook_rental,2023-08-31
T01118,U0302,B0246,paperback_purchase,2021-09-10
T01119,U0302,B0197,paperback_purchase,2020-09-03
T01120,U0302,B0252,paperback_purchase,2020-01-30
T01121,U0302,B0173,paperback_purchase,2021-07-07
T01122,U0303,B0119,audiobook_rental,2020-05-09
T01123,U0303,B0168,audiobook_rental,2020-03-02
T01124,U0303,B0027,audiobook_rental,2020-12-24
T01125,U0304,B0005,ebook_rental,2023-09-06
T01126,U0305,B0056,paperback_purchase,2023-12-24
T01127,U0305,B0037,paperback_purchase,2020-02-19
T01128,U0306,B0201,paperback_purchase,2021-04-25
T01129,U0307,B0048,paperback_purchase,2024-11-23
T01130,U0307,B0142,audiobook_rental,2024-01-05
T01131,U0307,B0154,ebook_rental,2022-07-23
T01132,U0307,B0019,paperback_purchase,2024-01-27
T01133,U0307,B0230,ebook_rental,2020-12-22
T01134,U0308,B0196,ebook_rental,2024-04-20
T01135,U0308,B0210,paperback_purchase,2023-10-15
T01136,U0308,B0127,ebook_rental,2024-12-17
T01137,U0308,B0193,paperback_purchase,2022-07-12
T01138,U0308,B0079,paperback_purchase,2023-05-11
T01139,U0308,B0245,ebook_rental,
T01140,U0309,B0061,ebook_rental,2024-08-15
T01141,U0309,B0089,audiobook_rental,2022-10-23
T01142,U0309,B0089,ebook_rental,2023-02-01
T01143,U0309,B0067,ebook_rental,2022-09-28
T01144,U0309,B0069,ebook_rental,
T01145,U0309,B0186,audiobook_rental,2023-03-27
T01146,U0309,B0162,ebook_rental,2021-04-07
T01147,U0309,B0186,paperback_purchase,2024-01-06
T01148,U0309,B0100,ebook_rental,2022-10-11
T01149,U0309,B0040,ebook_rental,2021-05-10
T01150,U0309,B0288,audiobook_rental,2024-07-26
T01151,U0309,B0288,ebook_rental,2021-02-28
T01152,U0310,B0132,paperback_purchase,2020-05-17
T01153,U0310,B0233,paperback_purchase,2023-09-16
T01154,U0310,B0230,ebook_rental,2022-03-05
T01155,U0310,B0230,ebook_rental,2022-09-06
T01156,U0310,B0154,paperback_purchase,2021-10-16
T01157,U0310,B0165,ebook_rental,2024-03-21
T01158,U0310,B0233,paperback_purchase,2023-11-03
T01159,U0310,B0209,audiobook_rental,2024-04-03
T01160,U0310,B0136,paperback_purchase,
T01161,U0310,B0238,paperback_purchase,2023-05-21
T01162,U0311,B0186,audiobook_rental,2023-02-05
T01163,U0311,B0104,audiobook_rental,2023-11-01
T01164,U0311,B0288,paperback_purchase,2022-11-02
T01165,U0311,B0186,audiobook_rental,2023-11-28
T01166,U0311,B0189,ebook_rental,2020-04-09
T01167,U0311,B0166,paperback_purchase,2020-12-22
T01168,U0311,B0109,audiobook_rental,2023-05-16
T01169,U0311,B0205,ebook_rental,2021-02-11
T01170,U0311,B0145,audiobook_rental,2024-05-01
T01171,U0311,B0058,ebook_rental,2024-11-07
T01172,U0311,B0085,audiobook_rental,2020-07-26
T01173,U0311,B0205,paperback_purchase,2022-06-16
T01174,U0312,B0031,paperback_purchase,2020-02-12
T01175,U0312,B0031,audiobook_rental,2020-03-09
T01176,U0312,B0015,audiobook_rental,2020-05-13
T01177,U0312,B0165,audiobook_rental,2022-08-30
T01178,U0312,B0211,ebook_rental,2020-09-04
T01179,U0312,B0211,audiobook_rental,2021-02-06
T01180,U0313,B0056,audiobook_rental,2023-02-15
T01181,U0313,B0240,paperback_purchase,2023-04-07
T01182,U0313,B0011,ebook_rental,2020-10-28
T01183,U0313,B0197,paperback_purchase,2022-01-31
T01184,U0313,B0131,paperback_purchase,2023-04-14
T01185,U0313,B0022,paperback_purchase,2021-05-14
T01186,U0313,B0268,audiobook_rental,2022-09-06
T01187,U0313,B0011,audiobook_rental,2023-07-21
T01188,U0313,B0277,paperback_purchase,2020-10-24
T01189,U0313,B0173,paperback_purchase,2023-03-05
T01190,U0314,B0011,ebook_rental,2024-09-15
T01191,U0314,B0164,ebook_rental,2020-05-02
T01192,U0314,B0284,audiobook_rental,2020-02-26
T01193,U0315,B0229,audiobook_rental,2022-03-11
T01194,U0315,B0170,paperback_purchase,2022-09-08
T01195,U0315,B0150,ebook_rental,2021-05-09
T01196,U0315,B0170,audiobook_rental,2022-05-04
T01197,U0315,B0034,audiobook_rental,2024-05-01
T01198,U0315,B0029,audiobook_rental,2023-08-24
T01199,U0316,B0022,ebook_rental,2021-09-23
T01200,U0316,B0112,audiobook_rental,2022-08-19
T01201,U0316,B0064,ebook_rental,2022-12-27
T01202,U0316,B0112,paperback_purchase,2024-11-26
T01203,U0316,B0022,paperback_purchase,2021-05-05
T01204,U0316,B0064,paperback_purchase,2022-11-26
T01205,U0316,B0112,ebook_rental,2023-09-11
T01206,U0316,B0019,paperback_purchase,2024-06-30
T01207,U0316,B0220,paperback_purchase,2021-02-22
T01208,U0317,B0286,paperback_purchase,2020-08-28
T01209,U0317,B0117,ebook_rental,2021-01-09
T01210,U0318,B0164,audiobook_rental,2022-09-18
T01211,U0318,B0197,paperback_purchase,2020-10-26
T01212,U0319,B0136,paperback_purchase,2020-09-11
T01213,U0319,B0238,ebook_rental,2020-05-16
T01214,U0319,B0243,paperback_purchase,2022-07-20
T01215,U0319,B0238,paperback_purchase,2020-04-14
T01216,U0319,B0054,ebook_rental,2022-09-02
T01217,U0319,B0154,ebook_rental,2020-09-08
T01218,U0319,B0064,ebook_rental,2024-10-01
T01219,U0320,B0075,audiobook_rental,2023-01-01
T01220,U0321,B0248,ebook_rental,2024-03-01
T01221,U0321,B0049,audiobook_rental,2020-05-02
T01222,U0321,B0248,ebook_rental,2021-08-05
T01223,U0321,B0248,audiobook_rental,2023-02-05
T01224,U0321,B0126,ebook_rental,2024-04-10
T01225,U0321,B0273,ebook_rental,2021-02-20
T01226,U0321,B0126,ebook_rental,2024-07-15
T01227,U0322,B0177,audiobook_rental,2024-09-27
T01228,U0323,B0174,ebook_rental,2023-06-02
T01229,U0323,B0189,audiobook_rental,
T01230,U0323,B0040,audiobook_rental,2022-07-02
T01231,U0323,B0093,audiobook_rental,2023-12-30
T01232,U0323,B0095,paperback_purchase,2024-10-08
T01233,U0323,B0200,ebook_rental,2024-12-10
T01234,U0323,B0278,paperback_purchase,2021-10-21
T01235,U0323,B0020,audiobook_rental,2023-05-27
T01236,U0323,B0281,audiobook_rental,2024-09-10
T01237,U0324,B0047,audiobook_rental,2021-02-28
T01238,U0325,B0007,paperback_purchase,2021-07-15
T01239,U0325,B0089,paperback_purchase,2023-05-14
T01240,U0325,B0053,audiobook_rental,2023-08-14
T01241,U0326,B0104,audiobook_rental,2022-03-07
T01242,U0326,B0104,audiobook_rental,2024-01-23
T01243,U0326,B0099,paperback_purchase,2021-12-14
T01244,U0326,B0051,audiobook_rental,2022-09-07
T01245,U0326,B0145,audiobook_rental,2023-05-11
T01246,U0327,B0159,ebook_rental,2022-01-16
T01247,U0327,B0156,ebook_rental,2020-07-08
T01248,U9412,B0089,ebook_rental,2022-07-16
T01249,U0327,B0069,ebook_rental,2024-11-18
T01250,U0327,B0069,ebook_rental,2021-04-19
T01251,U0327,B0089,ebook_rental,2021-08-13
T01252,U0327,B0161,paperback_purchase,2020-02-05
T01253,U0327,B0069,ebook_rental,2021-07-05
T01254,U0327,B0145,ebook_rental,2024-04-07
T01255,U0327,B0168,ebook_rental,2021-05-18
T01256,U0328,B0060,paperback_purchase,2024-04-18
T01257,U0328,B0110,paperback_purchase,2022-03-17
T01258,U0328,B0046,paperback_purchase,2021-05-10
T01259,U0329,B0237,audiobook_rental,2022-08-05
T01260,U0330,B0132,paperback_purchase,2024-01-01
T01261,U0330,B0017,paperback_purchase,2020-05-17
T01262,U0331,B0199,ebook_rental,2022-08-01
T01263,U0332,B0259,audiobook_rental,2023-02-01
T01264,U0333,B0069,ebook_rental,2023-08-18
T01265,U0334,B0238,audiobook_rental,2024-01-11
T01266,U0335,B0257,audiobook_rental,2022-04-14
T01267,U0335,B0299,ebook_rental,2021-02-27
T01268,U0335,B0170,ebook_rental,2020-08-24
T01269,U0335,B0029,audiobook_rental,2021-10-06
T01270,U0335,B0259,paperback_purchase,2024-05-06
T01271,U0335,B9956,ebook_rental,2023-08-22
T01272,U0335,B0269,ebook_rental,2022-06-18
T01273,U0335,B0300,ebook_rental,2022-01-30
T01274,U0335,B9836,ebook_rental,2021-05-17
T01275,U0336,B0055,paperback_purchase,2021-08-28
T01276,U0337,B0289,ebook_rental,2022-03-02
T01277,U0337,B0138,audiobook_rental,2020-03-23
T01278,U0338,B0220,audiobook_rental,2021-01-31
T01279,U9609,B0218,ebook_rental,2020-01-23
T01280,U0339,B0010,ebook_rental,2020-05-02
T01281,U0339,B0130,ebook_rental,2020-02-19
T01282,U0339,B0236,paperback_purchase,2021-12-11
T01283,U0339,B0010,ebook_rental,2024-12-14
T01284,U0340,B0156,audiobook_rental,2024-04-12
T01285,U0340,B0164,paperback_purchase,2020-11-10
T01286,U0341,B0227,ebook_rental,2024-02-07
T01287,U0342,B0100,ebook_rental,2020-07-09
T01288,U0343,B0064,ebook_rental,2020-03-26
T01289,U0343,B0239,paperback_purchase,2022-05-06
T01290,U0343,B0240,paperback_purchase,2022-05-24
T01291,U0344,B0101,audiobook_rental,2020-01-02
T01292,U0345,B0022,ebook_rental,2021-06-27
T01293,U0345,B0049,paperback_purchase,2023-10-09
T01294,U0346,B0166,paperback_purchase,2024-07-20
T01295,U0347,B0135,ebook_rental,2024-10-08
T01296,U0348,B9161,paperback_purchase,2023-03-27
T01297,U0348,B0089,ebook_rental,2023-09-29
T01298,U0348,B0233,ebook_rental,2021-04-08
T01299,U0349,B0091,ebook_rental,2021-11-03
T01300,U0349,B0229,ebook_rental,2020-04-15
T01301,U0349,B0075,ebook_rental,2023-02-10
T01302,U0349,B0182,ebook_rental,2022-08-08
T01303,U0349,B0264,ebook_rental,2022-01-13
T01304,U0349,B0109,audiobook_rental,2021-09-04
T01305,U0349,B0265,ebook_rental,2024-05-06
T01306,U0349,B0180,ebook_rental,2024-07-27
T01307,U0349,B0048,audiobook_rental,2021-11-14
T01308,U0350,B0264,ebook_rental,2022-09-23
T01309,U0350,B0260,audiobook_rental,2022-04-10
T01310,U0350,B0276,ebook_rental,2021-11-19
T01311,U0350,B0126,paperback_purchase,2020-07-25
T01312,U0350,B0021,paperback_purchase,2023-01-11
T01313,U0350,B0231,ebook_rental,2020-04-15
T01314,U0350,B0116,paperback_purchase,2024-09-23
T01315,U0350,B0008,ebook_rental,2023-09-26
T01316,U0350,B0119,paperback_purchase,2020-07-23
T01317,U0350,B0188,paperback_purchase,2023-06-12
T01318,U0351,B0032,paperback_purchase,2024-06-04
T01319,U0351,B0266,paperback_purchase,2020-08-08
T01320,U0351,B0123,paperback_purchase,2024-08-30
T01321,U0352,B0014,ebook_rental,2023-05-26
T01322,U0352,B0226,ebook_rental,2020-07-15
T01323,U0353,B0291,paperback_purchase,2020-03-06
T01324,U0353,B0233,ebook_rental,2024-07-17
T01325,U0353,B0134,paperback_purchase,2023-08-31
T01326,U0353,B0007,ebook_rental,2023-09-26
T01327,U0353,B0134,audiobook_rental,2020-11-13
T01328,U0353,B0190,audiobook_rental,2020-10-29
T01329,U0353,B0251,audiobook_rental,2021-08-01
T01330,U0353,B0007,audiobook_rental,2022-06-10
T01331,U0353,B0262,ebook_rental,2024-02-02
T01332,U0354,B0111,ebook_rental,2022-08-27
T01333,U0354,B0096,ebook_rental,2020-05-15
T01334,U0354,B0196,ebook_rental,2022-03-08
T01335,U0355,B0107,ebook_rental,2023-09-10
T01336,U0355,B0193,audiobook_rental,2020-09-29
T01337,U0356,B0128,ebook_rental,2023-09-10
T01338,U0357,B0295,ebook_rental,2024-11-12
T01339,U0358,B0124,paperback_purchase,2021-05-28
T01340,U0358,B0026,ebook_rental,2020-10-30
T01341,U0358,B0156,paperback_purchase,2021-07-23
T01342,U0359,B0086,audiobook_rental,2020-03-19
T01343,U0359,B0074,audiobook_rental,2022-02-02
T01344,U0359,B0279,audiobook_rental,2021-03-08
T01345,U0359,B0269,audiobook_rental,2021-07-14
T01346,U0359,B0087,ebook_rental,2023-06-07
T01347,U0359,B0039,audiobook_rental,2022-07-20
T01348,U0360,B0192,audiobook_rental,2020-04-01
T01349,U0361,B0114,ebook_rental,2023-04-21
T01350,U0361,B0105,ebook_rental,2024-12-16
T01351,U0361,B0078,ebook_rental,2022-07-09
T01352,U0362,B0059,audiobook_rental,2024-07-30
T01353,U0363,B0123,ebook_rental,2021-06-04
T01354,U0363,B0094,audiobook_rental,2021-03-30
T01355,U0363,B0169,paperback_purchase,2020-06-04
T01356,U0363,B0076,ebook_rental,2020-02-03
T01357,U0363,B0272,ebook_rental,2023-04-03
T01358,U0363,B0031,ebook_rental,2024-10-17
T01359,U0364,B0141,audiobook_rental,2023-02-22
T01360,U0364,B0085,audiobook_rental,2023-11-04
T01361,U0364,B0078,ebook_rental,2026-02-14
T01362,U0365,B0185,ebook_rental,2020-12-12
T01363,U0365,B0139,ebook_rental,2021-02-21
T01364,U0365,B0142,ebook_rental,2021-09-25
T01365,U0365,B0185,ebook_rental,
T01366,U0365,B0142,ebook_rental,2021-01-01
T01367,U0365,B0180,ebook_rental,2024-04-17
T01368,U0365,B0276,paperback_purchase,2024-05-27
T01369,U0366,B0015,audiobook_rental,2021-12-24
T01370,U0367,B0032,paperback_purchase,2023-01-21
T01371,U0367,B0239,paperback_purchase,2020-05-09
T01372,U0367,B0136,paperback_purchase,2022-09-07
T01373,U0368,B0007,ebook_rental,2024-06-11
T01374,U0369,B0252,audiobook_rental,2024-05-07
T01375,U0370,B0288,ebook_rental,2023-06-25
T01376,U0370,B0003,audiobook_rental,2026-05-10
T01377,U0370,B0210,paperback_purchase,2023-02-15
T01378,U0371,B0268,paperback_purchase,2021-02-11
T01379,U0371,B0178,audiobook_rental,2020-02-05
T01380,U0371,B0178,audiobook_rental,2021-10-07
T01381,U0371,B0223,paperback_purchase,2022-12-02
T01382,U0371,B0010,audiobook_rental,2023-02-03
T01383,U0371,B0114,audiobook_rental,2021-05-18
T01384,U0371,B0152,audiobook_rental,2024-10-24
T01385,U0371,B0114,audiobook_rental,2023-11-26
T01386,U0372,B0226,paperback_purchase,2021-07-28
T01387,U0372,B0267,ebook_rental,2020-06-02
T01388,U0372,B0138,audiobook_rental,2020-02-23
T01389,U0373,B0276,ebook_rental,2024-11-15
T01390,U0373,B0206,ebook_rental,2022-01-12
T01391,U0373,B0276,ebook_rental,2021-10-13
T01392,U0373,B0136,ebook_rental,2021-04-19
T01393,U0373,B0032,ebook_rental,2024-03-25
T01394,U0373,B0054,ebook_rental,2023-02-05
T01395,U0373,B0142,Ebook Rental,2021-09-30
T01396,U0373,B0154,audiobook_rental,2020-10-07
T01397,U0373,B0282,ebook_rental,2020-08-06
T01398,U0374,B9276,paperback_purchase,2022-04-11
T01399,U0374,B0067,audiobook_rental,2020-06-16
T01400,U0374,B0292,audiobook_rental,2023-12-06
T01401,U0374,B0280,audiobook_rental,2024-02-01
T01402,U0374,B0072,audiobook_rental,2021-05-03
T01403,U0374,B0292,ebook_rental,2023-03-27
T01404,U0374,B0189,audiobook_rental,2021-03-08
T01405,U0374,B0002,ebook_rental,2020-10-05
T01406,U0374,B0066,ebook_rental,2021-08-12
T01407,U0374,B0046,audiobook_rental,2023-12-18
T01408,U0374,B0120,ebook_rental,2020-08-22
T01409,U0375,B0199,audiobook_rental,2023-11-16
T01410,U0376,B0292,Audiobook_Rental,2020-09-02
T01411,U0376,B0266,audiobook_rental,2024-03-05
T01412,U0376,B0168,audiobook_rental,2021-03-22
T01413,U0376,B0160,audiobook_rental,2021-03-06
T01414,U0376,B0300,audiobook_rental,2021-11-30
T01415,U0376,B0002,audiobook_rental,2024-11-14
T01416,U0376,B0002,audiobook_rental,2023-10-25
T01417,U0376,B0002,audiobook_rental,2021-02-27
T01418,U0376,B0110,ebook_rental,2022-09-30
T01419,U0376,B0079,paperback_purchase,2020-01-07
T01420,U0376,B0266,ebook_rental,2024-03-12
T01421,U0377,B0024,paperback_purchase,2022-04-26
T01422,U0378,B0169,paperback_purchase,2021-08-03
T01423,U0379,B0252,paperback_purchase,2022-08-27
T01424,U0379,B0042,paperback_purchase,2022-07-09
T01425,U0380,B0136,ebook_rental,2024-09-15
T01426,U0381,B0029,audiobook_rental,2020-11-24
T01427,U0381,B0240,audiobook_rental,2024-05-18
T01428,U0381,B9614,paperback_purchase,2020-08-12
T01429,U0382,B0032,audiobook_rental,2021-06-05
T01430,U0383,B0028,paperback_purchase,2024-03-08
T01431,U0384,B0240,ebook_rental,2024-12-17
T01432,U0385,B0101,audiobook_rental,2021-05-31
T01433,U0386,B0181,ebook_rental,2024-10-18
T01434,U0386,B0299,ebook_rental,2020-11-01
T01435,U0386,B0023,ebook_rental,2022-05-09
T01436,U0387,B0171,ebook_rental,2021-01-18
T01437,U0388,B0159,ebook_rental,2021-05-29
T01438,U0389,B0163,paperback_purchase,2023-10-03
T01439,U0389,B0005,ebook_rental,2024-12-28
T01440,U0389,B0067,paperback_purchase,2022-08-23
T01441,U0390,B0024,audiobook_rental,2021-04-11
T01442,U0390,B0230,ebook_rental,2020-07-30
T01443,U0390,B0236,audiobook_rental,2022-08-14
T01444,U0390,B0202,ebook_rental,2023-10-26
T01445,U0390,B0056,paperback_purchase,2021-03-23
T01446,U0390,B0286,audiobook_rental,2022-04-17
T01447,U0390,B0050,audiobook_rental,2021-03-04
T01448,U0391,B0273,audiobook_rental,2023-06-06
T01449,U0391,B0207,audiobook_rental,2020-03-31
T01450,U0392,B0238,audiobook_rental,2023-09-08
T01451,U0393,B0180,audiobook_rental,2024-07-31
T01452,U0393,B0279,audiobook_rental,2020-06-30
T01453,U0393,B0147,audiobook_rental,2023-11-27
T01454,U0394,B0192,audiobook_rental,2023-02-13
T01455,U0394,B0139,audiobook_rental,2023-09-28
T01456,U0394,B0247,audiobook_rental,2024-02-19
T01457,U0394,B0276,audiobook_rental,2021-02-08
T01458,U0394,B0031,audiobook_rental,2021-04-07
T01459,U0394,B0015,audiobook_rental,2022-01-20
T01460,U0394,B0103,audiobook_rental,2024-09-03
T01461,U0395,B0183,ebook_rental,2020-12-16
T01462,U0395,B0121,ebook_rental,2020-08-10
T01463,U0395,B0277,ebook_rental,2022-04-30
T01464,U0396,B0135,ebook_rental,2021-06-29
T01465,U0397,B0217,ebook_rental,2024-08-24
T01466,U0398,B0120,ebook_rental,2020-12-18
T01467,U0399,B9169,paperback_purchase,2023-05-26
T01468,U0400,B0098,paperback_purchase,2021-02-05
T01469,U0400,B0254,ebook_rental,2020-07-05
T01470,U0400,B0235,paperback_purchase,2021-04-15
T01471,U0400,B0254,paperback_purchase,2023-04-04
T01472,U0400,B0064,paperback_purchase,2024-06-24
T01473,U0400,B0253,paperback_purchase,2021-05-09
T01474,U9087,B0112,paperback_purchase,2021-06-18
T01475,U0400,B0064,ebook_rental,2022-05-25
T01476,U0400,B0232,audiobook_rental,2023-12-02
T01477,U0401,B0168,paperback_purchase,2020-05-26
T01478,U0401,B0225,ebook_rental,2022-08-01
T01479,U0401,B0263,paperback_purchase,2020-03-02
T01480,U0402,B0232,paperback_purchase,2024-05-06
T01481,U0403,B0290,paperback_purchase,2020-06-20
T01482,U0403,B0215,ebook_rental,2020-06-18
T01483,U0403,B0051,paperback_purchase,2024-05-23
T01484,U0403,B0145,ebook_rental,2024-01-12
T01485,U0403,B0204,paperback_purchase,2024-06-15
T01486,U0403,B0064,paperback_purchase,2023-01-22
T01487,U0403,B0069,paperback_purchase,
T01488,U0403,B0004,audiobook_rental,2020-12-25
T01489,U0404,B0126,ebook_rental,2021-10-05
T01490,U0405,B0172,ebook_rental,2022-08-15
T01491,U0405,B0276,paperback_purchase,2024-12-19
T01492,U0406,B0156,audiobook_rental,2020-06-30
T01493,U0407,B0096,ebook_rental,2022-12-21
T01494,U0408,B0281,paperback_purchase,2021-04-27
T01495,U0408,B0055,ebook_rental,2021-10-20
T01496,U0408,B0100,ebook_rental,2024-05-26
T01497,U0408,B0213,ebook_rental,2023-07-04
T01498,U0408,B0281,audiobook_rental,2023-05-18
T01499,U0408,B0171,audiobook_rental,2024-04-30
T01500,U0408,B0200,paperback_purchase,2020-09-07
T01501,U0408,B0218,ebook_rental,2022-12-19
T01502,U0408,B0155,paperback_purchase,2023-01-26
T01503,U0408,B0201,audiobook_rental,2022-02-13
T01504,U0409,B0169,paperback_purchase,2022-03-29
T01505,U0410,B0122,paperback_purchase,2020-10-16
T01506,U0411,B0277,ebook rental,2024-01-26
T01507,U0411,B0277,audiobook_rental,2022-04-14
T01508,U0412,B0038,ebook_rental,2024-12-06
T01509,U0412,B0096,audiobook_rental,2021-03-14
T01510,U0412,B0142,ebook_rental,2022-08-04
T01511,U0412,B0275,ebook_rental,2022-03-09
T01512,U0412,B0136,ebook_rental,2024-11-09
T01513,U0412,B0031,ebook_rental,2021-11-27
T01514,U0412,B0038,ebook_rental,2023-10-01
T01515,U0412,B0083,ebook_rental,2024-11-02
T01516,U0412,B0123,ebook_rental,2022-10-31
T01517,U0412,B0091,ebook_rental,2021-05-09
T01518,U0413,B0048,ebook_rental,2021-11-10
T01519,U0413,B0263,ebook_rental,2023-10-11
T01520,U0414,B0239,ebook_rental,2024-10-12
T01521,U0414,B0228,paperback_purchase,2024-04-15
T01522,U0414,B0062,ebook_rental,2024-12-14
T01523,U0415,B0103,ebook_rental,2024-07-10
T01524,U0415,B0125,ebook_rental,2022-12-13
T01525,U9093,B0238,paperback_purchase,2020-04-08
T01526,U0415,B0008,ebook_rental,2021-02-09
T01527,U0415,B0098,paperback_purchase,2021-04-07
T01528,U0415,B0133,ebook_rental,2020-06-20
T01529,U0415,B0033,paperback_purchase,2020-07-14
T01530,U0415,B0145,paperback_purchase,2024-01-15
T01531,U0415,B0041,ebook_rental,2024-07-18
T01532,U0416,B0079,paperback_purchase,2024-05-13
T01533,U0417,B0042,ebook_rental,2024-09-11
T01534,U0417,B0130,audiobook_rental,2023-07-28
T01535,U0418,B0186,paperback_purchase,2024-08-12
T01536,U0418,B0078,ebook_rental,2024-12-11
T01537,U0418,B0109,ebook_rental,2020-10-01
T01538,U0419,B0044,paperback_purchase,2024-07-13
T01539,U0420,B0235,paperback_purchase,2020-08-10
T01540,U0421,B0297,audiobook_rental,2022-12-21
T01541,U0421,B0125,paperback_purchase,2024-03-29
T01542,U0422,B0149,audiobook_rental,2021-03-17
T01543,U0423,B0018,audiobook_rental,2021-07-17
T01544,U0423,B0105,audiobook_rental,2020-03-15
T01545,U0424,B0169,ebook_rental,2022-04-14
T01546,U0424,B0253,ebook_rental,2021-05-01
T01547,U0424,B0040,paperback_purchase,2022-11-29
T01548,U0424,B0094,ebook_rental,2020-03-27
T01549,U0424,B0067,ebook_rental,2022-01-09
T01550,U0424,B9912,audiobook_rental,2022-03-02
T01551,U0424,B0169,ebook_rental,2020-07-23
T01552,U0424,B0299,ebook_rental,2021-12-29
T01553,U0424,B0067,ebook_rental,2022-06-12
T01554,U0424,B0015,ebook_rental,2024-04-11
T01555,U0425,B0075,audiobook_rental,2024-08-29
T01556,U0426,B0135,ebook_rental,2020-08-25
T01557,U0427,B0019,ebook_rental,2020-01-11
T01558,U0428,B0207,paperback_purchase,2021-09-03
T01559,U0429,B0155,ebook_rental,2024-02-17
T01560,U0429,B0008,ebook_rental,2023-06-12
T01561,U0429,B0193,ebook_rental,2023-11-16
T01562,U0429,B0213,ebook_rental,2023-03-02
T01563,U0429,B0283,ebook_rental,2020-02-02
T01564,U0430,B0239,audiobook_rental,2022-04-05
T01565,U0431,B0003,audiobook_rental,2024-07-12
T01566,U0431,B0043,audiobook_rental,2023-08-07
T01567,U0431,B0282,paperback_purchase,2023-01-01
T01568,U0431,B0169,ebook_rental,2021-05-23
T01569,U0431,B0032,ebook_rental,2024-04-30
T01570,U0431,B0031,ebook_rental,2020-12-24
T01571,U0431,B0111,ebook_rental,2021-08-25
T01572,U0431,B0231,ebook_rental,2022-04-15
T01573,U0431,B0031,ebook_rental,2023-08-04
T01574,U0432,B0114,paperback_purchase,2024-12-31
T01575,U0432,B0130,paperback_purchase,2021-09-25
T01576,U0432,B0042,paperback_purchase,2023-08-24
T01577,U0432,B0237,paperback_purchase,2023-02-23
T01578,U0432,B0187,paperback_purchase,2021-12-06
T01579,U0432,B0112,ebook_rental,2023-11-24
T01580,U0432,B0130,ebook_rental,2022-04-11
T01581,U0432,B0042,ebook_rental,2020-07-10
T01582,U0433,B0078,ebook_rental,2022-04-13
T01583,U0434,B0075,paperback_purchase,2020-01-31
T01584,U0434,B0193,audiobook_rental,2024-04-18
T01585,U0434,B0024,paperback_purchase,2024-03-16
T01586,U0435,B0136,ebook_rental,2024-05-10
T01587,U0435,B0038,ebook_rental,2024-10-06
T01588,U0435,B0054,ebook_rental,2024-09-01
T01589,U0435,B0019,ebook_rental,2023-09-29
T01590,U0435,B0139,audiobook_rental,2020-05-08
T01591,U0435,B0099,ebook_rental,2022-10-28
T01592,U0435,B0032,ebook_rental,2021-11-16
T01593,U0435,B0031,ebook_rental,2020-04-24
T01594,U0435,B0031,ebook_rental,2024-10-22
T01595,U0436,B0014,ebook_rental,2024-05-03
T01596,U0437,B0004,ebook_rental,2021-02-05
T01597,U0437,B0299,paperback_purchase,2024-02-03
T01598,U0437,B0194,ebook_rental,2022-10-11
T01599,U0437,B0175,paperback_purchase,2020-04-29
T01600,U0437,B0236,paperback_purchase,2023-10-07
T01601,U0437,B0251,ebook_rental,2024-06-23
T01602,U0438,B0208,ebook_rental,2024-01-24
T01603,U0438,B0146,paperback_purchase,2023-03-03
T01604,U0439,B0174,paperback_purchase,2020-02-16
T01605,U0440,B0257,audiobook_rental,2021-06-22
T01606,U0440,B0025,ebook_rental,2021-04-20
T01607,U0440,B0109,ebook_rental,2022-01-02
T01608,U0441,B0110,ebook_rental,2020-08-10
T01609,U0441,B0072,paperback_purchase,2021-02-23
T01610,U0442,B0044,paperback_purchase,2023-05-19
T01611,U0443,B0055,paperback_purchase,2021-03-24
T01612,U0443,B0128,ebook_rental,2020-09-28
T01613,U0443,B0196,audiobook_rental,2022-02-09
T01614,U0444,B0172,paperback_purchase,2020-06-01
T01615,U0445,B0087,audiobook_rental,2020-04-10
T01616,U0446,B0255,ebook_rental,2020-04-07
T01617,U0446,B0104,ebook_rental,2024-08-01
T01618,U0447,B0188,audiobook_rental,2020-04-18
T01619,U0448,B0078,Paperback_Purchase,2024-08-30
T01620,U0448,B0104,paperback_purchase,2022-08-06
T01621,U0448,B0205,audiobook_rental,2020-06-02
T01622,U0448,B0160,paperback_purchase,2024-08-07
T01623,U0448,B0004,paperback_purchase,2020-12-17
T01624,U0448,B0104,ebook_rental,2022-06-15
T01625,U0448,B0215,paperback_purchase,2024-11-26
T01626,U0449,B0245,ebook_rental,2020-12-28
T01627,U0449,B0238,ebook_rental,2024-02-22
T01628,U0449,B0211,ebook_rental,2024-01-12
T01629,U0449,B0111,audiobook_rental,2022-07-17
T01630,U0449,B0095,paperback_purchase,2021-04-28
T01631,U0449,B0185,audiobook_rental,2022-01-17
T01632,U0450,B0121,ebook_rental,2020-06-21
T01633,U0450,B0097,ebook_rental,2023-10-12
T01634,U0451,B0042,ebook_rental,2023-10-22
T01635,U0451,B0044,ebook_rental,2020-08-02
T01636,U0451,B0044,ebook_rental,2022-12-06
T01637,U0451,B0042,ebook_rental,2023-03-08
T01638,U0451,B0207,audiobook_rental,2023-02-15
T01639,U0451,B0017,ebook_rental,2021-08-14
T01640,U0452,B0176,paperback_purchase,2020-03-18
T01641,U0452,B0296,ebook_rental,2023-09-18
T01642,U0453,B0054,ebook_rental,2024-01-07
T01643,U0453,B0234,audiobook_rental,2021-09-02
T01644,U0453,B0087,audiobook_rental,2023-07-13
T01645,U0453,B0243,audiobook_rental,2023-07-06
T01646,U0453,B0179,paperback_purchase,2023-11-24
T01647,U0453,B0227,paperback_purchase,2023-01-19
T01648,U0453,B0241,ebook_rental,2024-04-24
T01649,U0453,B0110,audiobook_rental,2022-02-18
T01650,U0454,B0198,paperback_purchase,2024-01-13
T01651,U0454,B0077,audiobook_rental,2023-01-14
T01652,U0455,B0129,paperback_purchase,2022-11-01
T01653,U0456,B0184,paperback_purchase,2024-09-10
T01654,U0457,B0223,Audiobook_Rental,2021-02-05
T01655,U0457,B0042,paperback_purchase,2023-10-27
T01656,U0457,B0042,audiobook_rental,2022-01-25
T01657,U0457,B0105,audiobook_rental,2024-03-27
T01658,U0457,B0298,ebook_rental,2023-03-11
T01659,U0457,B0130,audiobook_rental,2023-01-14
T01660,U0457,B0049,audiobook_rental,2021-07-03
T01661,U0457,B0130,audiobook_rental,2023-04-30
T01662,U0458,B0094,audiobook_rental,2024-08-19
T01663,U0458,B0106,ebook_rental,2023-10-31
T01664,U0458,B0260,ebook_rental,2024-11-09
T01665,U0458,B0169,ebook_rental,2020-07-30
T01666,U0458,B0169,ebook_rental,2021-01-17
T01667,U0458,B0253,ebook_rental,2021-12-04
T01668,U0458,B0139,audiobook_rental,2023-04-21
T01669,U0458,B0103,ebook_rental,2020-07-28
T01670,U0458,B0119,ebook_rental,2023-02-20
T01671,U0458,B0169,audiobook_rental,2022-11-28
T01672,U0458,B0205,ebook_rental,2021-10-26
T01673,U0459,B0168,ebook_rental,2024-05-02
T01674,U0460,B0196,ebook_rental,2020-01-16
T01675,U0461,B0214,paperback_purchase,2024-12-02
T01676,U0461,B0104,paperback_purchase,2023-05-11
T01677,U0461,B0047,audiobook_rental,2023-04-06
T01678,U0461,B0138,paperback_purchase,2021-03-06
T01679,U0461,B0062,ebook_rental,2020-08-08
T01680,U0461,B0008,ebook_rental,2024-02-01
T01681,U0461,B0277,paperback_purchase,2022-09-01
T01682,U0461,B0191,paperback_purchase,2020-04-03
T01683,U0461,B0053,paperback_purchase,2023-11-28
T01684,U0461,B0064,paperback_purchase,2020-03-13
T01685,U0461,B0036,ebook_rental,2020-09-06
T01686,U0461,B0239,audiobook_rental,2024-03-31
T01687,U0462,B0022,audiobook_rental,2020-09-22
T01688,U0463,B0207,paperback_purchase,2022-04-03
T01689,U9086,B0178,paperback_purchase,2023-02-15
T01690,U0464,B0268,ebook_rental,2024-06-10
T01691,U0464,B0202,audiobook_rental,2020-10-10
T01692,U0464,B0265,audiobook_rental,2023-10-02
T01693,U0464,B0236,paperback_purchase,2022-01-14
T01694,U0464,B0280,ebook_rental,2020-12-30
T01695,U0464,B0252,paperback_purchase,2020-06-18
T01696,U0464,B0183,ebook_rental,2024-12-12
T01697,U0464,B0298,paperback_purchase,2023-08-02
T01698,U0465,B0170,audiobook_rental,2020-05-28
T01699,U0465,B0237,AUDIOBOOK_RENTAL,2024-06-24
T01700,U0465,B0007,audiobook_rental,2021-10-25
T01701,U0465,B0153,audiobook_rental,2023-07-20
T01702,U0465,B0027,ebook_rental,2021-08-04
T01703,U0465,B0092,audiobook_rental,2022-02-23
T01704,U0465,B0297,ebook_rental,2020-10-22
T01705,U0465,B0204,paperback_purchase,2022-05-16
T01706,U0465,B0179,paperback_purchase,2023-08-10
T01707,U0465,B0087,ebook_rental,2024-09-28
T01708,U0465,B0226,audiobook_rental,2022-12-12
T01709,U0466,B0057,ebook_rental,2026-01-31
T01710,U0466,B0204,ebook_rental,2020-09-15
T01711,U0466,B0091,ebook_rental,2023-07-07
T01712,U0466,B0153,ebook_rental,2020-01-17
T01713,U0466,B0237,ebook_rental,2020-11-23
T01714,U0466,B0116,ebook_rental,2022-12-26
T01715,U0466,B9523,ebook_rental,2023-09-24
T01716,U0466,B0187,paperback_purchase,2022-09-10
T01717,U0466,B0090,Paperback_Purchase,2023-02-25
T01718,U0466,B0242,ebook_rental,2021-10-28
T01719,U0466,B0146,ebook_rental,2022-02-22
T01720,U0466,B0047,ebook_rental,2024-01-11
T01721,U0467,B0160,audiobook_rental,2020-12-25
T01722,U0467,B0094,paperback_purchase,2024-05-31
T01723,U0467,B9511,paperback_purchase,2024-09-11
T01724,U0467,B0106,paperback_purchase,2023-03-06
T01725,U0467,B0262,paperback_purchase,2024-02-09
T01726,U9663,B0296,ebook_rental,2023-08-04
T01727,U0467,B0169,paperback_purchase,2020-12-07
T01728,U0467,B0169,ebook_rental,2024-06-04
T01729,U0467,B0136,paperback_purchase,2022-05-05
T01730,U0467,B0230,paperback_purchase,2021-03-24
T01731,U0468,B0119,ebook_rental,2021-05-21
T01732,U0469,B0275,ebook_rental,2024-11-07
T01733,U0469,B0279,ebook_rental,2023-06-05
T01734,U0469,B0209,ebook_rental,2020-01-06
T01735,U0470,B0085,ebook_rental,2020-05-23
T01736,U0470,B0237,ebook_rental,2024-04-04
T01737,U0470,B0153,paperback_purchase,2020-10-10
T01738,U0471,B0270,ebook_rental,2024-07-21
T01739,U0471,B0200,ebook_rental,2023-01-27
T01740,U0471,B0217,ebook_rental,2024-04-07
T01741,U0471,B0200,paperback_purchase,2022-11-28
T01742,U0471,B0101,paperback_purchase,2024-01-18
T01743,U0471,B0055,ebook_rental,2023-07-29
T01744,U0471,B0083,audiobook_rental,2021-02-17
T01745,U0471,B0194,ebook_rental,2023-08-14
T01746,U0471,B0053,ebook_rental,2021-10-18
T01747,U0471,B0079,ebook_rental,
T01748,U0472,B0169,paperback_purchase,2023-08-09
T01749,U0473,B0021,ebook_rental,2024-03-14
T01750,U0474,B0261,ebook_rental,2021-09-12
T01751,U0474,B0037,ebook_rental,2021-01-29
T01752,U0474,B0144,ebook_rental,2023-03-26
T01753,U0474,B0236,audiobook_rental,2023-04-30
T01754,U0474,B0263,paperback_purchase,2022-03-25
T01755,U0474,B0065,ebook_rental,2021-02-28
T01756,U0474,B0001,ebook_rental,
T01757,U0474,B0088,paperback_purchase,2023-05-25
T01758,U0474,B0187,ebook_rental,2020-09-22
T01759,U0474,B0261,ebook_rental,2022-07-03
T01760,U0475,B0032,ebook_rental,2024-04-05
T01761,U0475,B0037,paperback_purchase,2020-03-16
T01762,U0476,B0204,paperback_purchase,2022-02-17
T01763,U0477,B0138,ebook_rental,2023-09-14
T01764,U0477,B0134,paperback_purchase,2024-05-09
T01765,U0477,B0064,paperback_purchase,2020-07-24
T01766,U0478,B0262,ebook_rental,2023-10-30
T01767,U0479,B0127,ebook_rental,2021-11-21
T01768,U9306,B0134,ebook_rental,2020-10-02
T01769,U0480,B0062,ebook_rental,2024-09-16
T01770,U0480,B0230,ebook_rental,2024-01-17
T01771,U0481,B0050,audiobook_rental,2024-07-17
T01772,U0481,B0089,ebook_rental,2020-09-19
T01773,U0481,B0118,paperback_purchase,2022-07-18
T01774,U0481,B0137,ebook_rental,2023-01-30
T01775,U0481,B0003,ebook_rental,2021-03-10
T01776,U0481,B0261,ebook_rental,2020-02-22
T01777,U0482,B0141,ebook_rental,2022-05-15
T01778,U0483,B0253,ebook_rental,2022-09-08
T01779,U0483,B0112,ebook_rental,2023-05-11
T01780,U0483,B0056,ebook_rental,2022-06-02
T01781,U0483,B0195,audiobook_rental,2020-09-23
T01782,U0483,B0135,ebook_rental,2021-12-02
T01783,U0483,B0134,ebook_rental,2021-03-30
T01784,U0483,B0240,ebook_rental,2023-06-15
T01785,U0483,B0167,ebook_rental,2023-03-01
T01786,U0484,B0298,audiobook_rental,2023-06-29
T01787,U0485,B9810,ebook_rental,2023-10-18
T01788,U0485,B0166,ebook_rental,2021-05-19
T01789,U0486,B0103,ebook_rental,2020-10-07
T01790,U0487,B0177,paperback_purchase,2020-08-14
T01791,U0487,B0177,paperback_purchase,2020-03-20
T01792,U0487,B0195,paperback_purchase,2023-02-08
T01793,U0488,B0233,audiobook_rental,2021-07-19
T01794,U0489,B0283,ebook_rental,2022-11-23
T01795,U0489,B0194,ebook_rental,2022-07-06
T01796,U0489,B0014,ebook_rental,2021-12-02
T01797,U0489,B0194,ebook_rental,
T01798,U0489,B0217,paperback_purchase,2021-04-14
T01799,U0489,B0133,ebook_rental,2025-12-18
T01800,U0489,B0080,ebook_rental,2020-12-24
T01801,U0489,B0101,ebook_rental,2022-06-10
T01802,U0489,B0146,ebook_rental,2022-07-04
T01803,U0489,B0290,audiobook_rental,2020-03-01
T01804,U0489,B0016,ebook_rental,2023-10-06
T01805,U0490,B0198,paperback_purchase,2024-08-11
T01806,U0491,B0059,audiobook_rental,2024-12-26
T01807,U0491,B0081,ebook_rental,2023-04-13
T01808,U0492,B0135,ebook_rental,2023-12-03
T01809,U0493,B0035,paperback_purchase,2021-06-28
T01810,U0493,B0163,audiobook_rental,2023-07-07
T01811,U0494,B0152,ebook_rental,2020-04-13
T01812,U0495,B0192,paperback_purchase,2020-09-11
T01813,U0495,B0259,AUDIOBOOK_RENTAL,2023-04-14
T01814,U0495,B0272,audiobook_rental,2024-08-07
T01815,U0495,B0229,audiobook_rental,2023-12-20
T01816,U0495,B0251,audiobook_rental,2023-06-04
T01817,U0495,B0117,audiobook_rental,2024-08-09
T01818,U0495,B0240,paperback_purchase,
T01819,U0495,B0237,paperback_purchase,2022-08-06
T01820,U0495,B0086,paperback_purchase,2023-05-19
T01821,U0495,B0101,audiobook_rental,2020-10-31
T01822,U0495,B0297,audiobook_rental,2022-09-09
T01823,U0495,B0014,audiobook_rental,2022-06-13
T01824,U0496,B0067,paperback_purchase,2023-04-08
T01825,U0497,B0139,paperback_purchase,2024-07-10
T01826,U0497,B0035,paperback_purchase,2020-12-04
T01827,U0497,B0082,ebook_rental,2020-02-23
T01828,U0497,B0098,paperback_purchase,2024-09-25
T01829,U0497,B0204,paperback_purchase,2023-09-15
T01830,U0497,B0095,paperback_purchase,2020-07-13
T01831,U0497,B0030,paperback_purchase,2020-10-27
T01832,U0497,B0260,paperback_purchase,2024-02-05
T01833,U0497,B0030,paperback_purchase,2023-01-24
T01834,U0497,B0287,ebook_rental,2020-11-25
T01835,U0497,B0066,paperback_purchase,2022-12-04
T01836,U0498,B0160,ebook_rental,2022-11-04
T01837,U0498,B0221,ebook_rental,2020-05-06
T01838,U0499,B0069,ebook_rental,2022-05-07
T01839,U0500,B0214,audiobook_rental,2024-08-24
T00643,U0184,B0216,ebook_rental,2023-03-11
T00181,U0066,B0234,ebook_rental,2020-07-31
T00805,U0228,B0065,audiobook_rental,2024-10-19
T00318,U0101,B0047,audiobook_rental,2024-04-19
T01406,U0374,B0066,ebook_rental,2021-08-12
T00444,U0137,B0157,ebook_rental,2023-03-25
T01204,U0316,B0064,paperback_purchase,2022-11-26
T01219,U0320,B0075,audiobook_rental,2023-01-01
T00071,U0029,B0185,ebook_rental,2020-07-24
T01118,U0302,B0246,paperback_purchase,2021-09-10
T00113,U0046,B0077,ebook_rental,2023-10-24
T00672,U0189,B0147,audiobook_rental,2021-08-13
T00155,U0061,B0181,audiobook_rental,2022-08-20
T01440,U0389,B0067,paperback_purchase,2022-08-23
T00476,U0145,B0035,paperback_purchase,2021-01-24
T00607,U0178,B0038,ebook_rental,2020-07-04
T00687,U0198,B0128,audiobook_rental,2024-10-31
T00167,U0065,B0109,paperback_purchase,2020-01-30
T00926,U0258,B0023,ebook_rental,2023-03-23
T01457,U0394,B0276,audiobook_rental,2021-02-08
T01716,U0466,B0187,paperback_purchase,2022-09-10
T00084,U0034,B0045,audiobook_rental,2020-07-27
T01622,U0448,B0160,paperback_purchase,2024-08-07
T01460,U0394,B0103,audiobook_rental,2024-09-03
T00704,U0200,B0135,ebook_rental,2020-10-30
T01168,U0311,B0109,audiobook_rental,2023-05-16
T01586,U0435,B0136,ebook_rental,2024-05-10
T00991,U0271,B0260,ebook_rental,2024-10-12
T01474,U0400,B0112,paperback_purchase,2021-06-18
T00032,U0013,B0169,paperback_purchase,2020-07-25
